date,MACD_Signal,MACD_Hist,MACD
2021-02-11,2.3821,0.8666,3.2487
2021-02-10,1.9488,0.9536,2.9023
2021-02-09,1.472,1.3829,2.8549
2021-02-08,0.7806,1.1181,1.8987
2021-02-05,0.2215,0.5045,0.726
2021-02-04,-0.0307,0.6153,0.5845
2021-02-03,-0.3383,0.6342,0.2959
2021-02-02,-0.6554,0.4367,-0.2187
2021-02-01,-0.8738,0.1232,-0.7506
2021-01-29,2.0227,-1.164,0.8588
2021-01-28,2.3137,-1.3931,0.9207
2021-01-27,2.662,-1.5693,1.0927
2021-01-26,3.0543,-1.5254,1.5289
2021-01-25,3.4356,-1.385,2.0506
2021-01-22,3.7819,-1.2543,2.5276
2021-01-21,4.0955,-1.1385,2.957
2021-01-20,4.3801,-0.6619,3.7182
2021-01-19,4.5456,-0.2577,4.2879
2021-01-15,4.61,0.0673,4.6773
2021-01-14,4.5932,0.3822,4.9754
2021-01-13,4.4976,0.3594,4.857
2021-01-12,4.4078,0.5512,4.959
2021-01-11,4.27,0.8926,5.1626
2021-01-08,4.0469,1.4553,5.5021
2021-01-07,3.683,1.4577,5.1407
2021-01-06,3.3186,1.23,4.5486
2021-01-05,3.0111,0.8216,3.8327
2021-01-04,2.8057,0.5176,3.3233
2020-12-31,2.6763,0.3894,3.0658
2020-12-30,2.579,0.4270000000000001,3.006
2020-12-29,2.4722,0.3221,2.7944
2020-12-28,2.3917,0.379,2.7707
2020-12-24,2.2969,0.3656,2.6626
2020-12-23,2.2055,0.5959,2.8014
2020-12-22,2.0565,0.7256,2.7821
2020-12-21,1.8751,0.6882,2.5633
2020-12-18,1.7031,0.4988,2.2019
2020-12-17,1.5784,0.2677,1.8461
2020-12-16,1.5115,-0.0212,1.4902
2020-12-15,1.5168,-0.2539,1.2629
2020-12-14,1.5802,-0.3658,1.2144
2020-12-11,1.6717,-0.4364,1.2352
2020-12-10,1.7808,-0.3679,1.4128
2020-12-09,1.8728,-0.3413,1.5314
2020-12-08,1.9581,-0.1551,1.803
2020-12-07,1.9969,0.036000000000000004,2.0329
2020-12-04,1.9879,0.1561,2.1439
2020-12-03,1.9488,0.2283,2.1771
2020-12-02,1.8918,0.2166,2.1084
2020-12-01,1.8376,0.2145,2.0521
2020-11-30,1.784,0.1308,1.9148
2020-11-27,1.7513,0.016,1.7673
2020-11-25,1.7473,0.2498,1.9971
2020-11-24,1.6849,0.3698,2.0547
2020-11-23,1.5924,0.3537,1.9461
2020-11-20,1.504,0.2987,1.8026
2020-11-19,1.4293,0.2546,1.6839
2020-11-18,1.3657,0.2582,1.6239
2020-11-17,1.3011,0.2694,1.5705
2020-11-16,1.2337,0.1929,1.4267
2020-11-13,1.1855,0.1691,1.3546
2020-11-12,1.1432,0.1914,1.3346
2020-11-11,1.0954,0.1658,1.2612
2020-11-10,1.0539,0.168,1.2219
2020-11-09,1.0119,0.2454,1.2573
2020-11-06,0.9506,0.2746,1.2252
2020-11-05,0.8819,0.2387,1.1206
2020-11-04,0.8222,0.1759,0.9982
2020-11-03,0.7782,0.1918,0.97
2020-11-02,0.7303,0.2355,0.9658
2020-10-30,0.6714,0.2657,0.9371
2020-10-29,0.605,0.2952,0.9002
2020-10-28,0.5312,0.3209,0.8522
2020-10-27,0.451,0.3631,0.8141
2020-10-26,0.3602,0.3161,0.6763
2020-10-23,0.2812,0.3407,0.6219
2020-10-22,0.196,0.3475,0.5435
2020-10-21,0.1091,0.3014,0.4105
2020-10-20,0.0338,0.2346,0.2684
2020-10-19,-0.0249,0.2088,0.184
2020-10-16,-0.0771,0.1989,0.1218
2020-10-15,-0.1268,0.2083,0.0815
2020-10-14,-0.1789,0.2057,0.0268
2020-10-13,-0.2303,0.2123,-0.018000000000000002
2020-10-12,-0.2834,0.1902,-0.0932
2020-10-09,-0.331,0.1141,-0.2168
2020-10-08,-0.3595,0.0792,-0.2804
2020-10-07,-0.3793,0.0128,-0.3665
2020-10-06,-0.3825,0.0019,-0.3806
2020-10-05,-0.383,0.0027,-0.3802
2020-10-02,-0.3837,-0.0349,-0.4185
2020-10-01,-0.3749,-0.0437,-0.4186
2020-09-30,-0.364,-0.0496,-0.4136
2020-09-29,-0.3516,-0.0598,-0.4114
2020-09-28,-0.3366,-0.0721,-0.4087
2020-09-25,-0.3186,-0.094,-0.4126
2020-09-24,-0.2951,-0.1235,-0.4187
2020-09-23,-0.2642,-0.1499,-0.4142
2020-09-22,-0.2268,-0.1187,-0.3455
2020-09-21,-0.1971,-0.1228,-0.3199
2020-09-18,-0.1664,-0.103,-0.2694
2020-09-17,-0.1406,-0.1214,-0.2621
2020-09-16,-0.1103,-0.158,-0.2683
2020-09-15,-0.0708,-0.2147,-0.2855
2020-09-14,-0.0171,-0.2751,-0.2922
2020-09-11,0.0516,-0.3389,-0.2873
2020-09-10,0.1364,-0.348,-0.2117
2020-09-09,0.2234,-0.3507,-0.1274
2020-09-08,0.3111,-0.3481,-0.037000000000000005
2020-09-04,0.3981,-0.2736,0.1244
2020-09-03,0.4665,-0.2294,0.237
2020-09-02,0.5238,-0.1476,0.3763
2020-09-01,0.5607,-0.1318,0.4289
2020-08-31,0.5937,-0.1705,0.4232
2020-08-28,0.6363,-0.194,0.4423
2020-08-27,0.6848,-0.191,0.4938
2020-08-26,0.7326,-0.1486,0.584
2020-08-25,0.7697,-0.1301,0.6396
2020-08-24,0.8023,-0.0612,0.7411
2020-08-21,0.8175,-0.031,0.7865
2020-08-20,0.8253,0.022,0.8473
2020-08-19,0.8198,0.0336,0.8535
2020-08-18,0.8114,0.0834,0.8948
2020-08-17,0.7906,0.0747,0.8652
2020-08-14,0.7719,0.0064,0.7783
2020-08-13,0.7703,0.0232,0.7935
2020-08-12,0.7645,0.0664,0.8309
2020-08-11,0.7479,0.1189,0.8668
2020-08-10,0.7182,0.2386,0.9568
2020-08-07,0.6585,0.28300000000000003,0.9416
2020-08-06,0.5878,0.3849,0.9726
2020-08-05,0.4915,0.3661,0.8576
2020-08-04,0.4,0.3595,0.7595
2020-08-03,0.3102,0.3781,0.6883
2020-07-31,0.2156,0.3575,0.5732
2020-07-30,0.1262,0.3451,0.4714
2020-07-29,0.04,0.3547,0.3946
2020-07-28,-0.0487,0.3269,0.2782
2020-07-27,-0.1304,0.2377,0.1073
2020-07-24,-0.1899,0.1161,-0.0738
2020-07-23,-0.2189,0.0953,-0.1236
2020-07-22,-0.2427,0.0461,-0.1966
2020-07-21,-0.2542,0.0091,-0.2452
2020-07-20,-0.2565,-0.0257,-0.2822
2020-07-17,-0.2501,-0.0295,-0.2795
2020-07-16,-0.2427,-0.0416,-0.2843
2020-07-15,-0.2323,-0.0305,-0.2628
2020-07-14,-0.2247,-0.0231,-0.2478
2020-07-13,-0.2189,-0.0332,-0.2521
2020-07-10,-0.2106,-0.0296,-0.2402
2020-07-09,-0.2032,-0.0335,-0.2367
2020-07-08,-0.1948,-0.0462,-0.241
2020-07-07,-0.1833,-0.1067,-0.2899
2020-07-06,-0.1566,-0.1328,-0.2894
2020-07-02,-0.1234,-0.1802,-0.3036
2020-07-01,-0.0783,-0.1808,-0.2591
2020-06-30,-0.0331,-0.2052,-0.2384
2020-06-29,0.0182,-0.2108,-0.1926
2020-06-26,0.0709,-0.1906,-0.1197
2020-06-25,0.1185,-0.1648,-0.0463
2020-06-24,0.1597,-0.1564,0.0033
2020-06-23,0.1988,-0.1384,0.0604
2020-06-22,0.2334,-0.1768,0.0566
2020-06-19,0.2776,-0.1879,0.0896
2020-06-18,0.3246,-0.1681,0.1564
2020-06-17,0.3666,-0.1547,0.2119
2020-06-16,0.4053,-0.1379,0.2674
2020-06-15,0.4397,-0.1263,0.3134
2020-06-12,0.4713,-0.1021,0.3692
2020-06-11,0.4968,-0.0608,0.436
2020-06-10,0.512,0.0111,0.5232
2020-06-09,0.5093,-0.0348,0.4745
2020-06-08,0.518,-0.0345,0.4834
2020-06-05,0.5266,-0.0439,0.4827
2020-06-04,0.5376,-0.0298,0.5077
2020-06-03,0.545,-0.061,0.484
2020-06-02,0.5603,-0.0739,0.4864
2020-06-01,0.5787,-0.104,0.4748
2020-05-29,0.6047,-0.138,0.4668
2020-05-28,0.6392,-0.1498,0.4894
2020-05-27,0.6767,-0.1644,0.5123
2020-05-26,0.7178,-0.1492,0.5686
2020-05-22,0.7551,-0.0863,0.6688
2020-05-21,0.7767,-0.0385,0.7382
2020-05-20,0.7863,0.0379,0.8242
2020-05-19,0.7768,0.0794,0.8562
2020-05-18,0.757,0.1088,0.8658
2020-05-15,0.7298,0.1357,0.8655
2020-05-14,0.6958,0.1933,0.8891
2020-05-13,0.6475,0.1825,0.83
2020-05-12,0.6019,0.2006,0.8025
2020-05-11,0.5518,0.2631,0.8148
2020-05-08,0.486,0.3674,0.8533
2020-05-07,0.3941,0.3778,0.772
2020-05-06,0.2997,0.3037,0.6034
2020-05-05,0.2237,0.2805,0.5042
2020-05-04,0.1536,0.29,0.4436
2020-05-01,0.0811,0.2848,0.3659
2020-04-30,0.0099,0.3029,0.3128
2020-04-29,-0.0658,0.265,0.1992
2020-04-28,-0.132,0.2109,0.0789
2020-04-27,-0.1848,0.2311,0.0463
2020-04-24,-0.2425,0.2064,-0.0361
2020-04-23,-0.2941,0.1782,-0.1159
2020-04-22,-0.3387,0.116,-0.2227
2020-04-21,-0.3677,0.1051,-0.2626
2020-04-20,-0.394,0.1108,-0.2832
2020-04-17,-0.4217,0.1306,-0.2911
2020-04-16,-0.4543,0.138,-0.3163
2020-04-15,-0.4888,0.1276,-0.3612
2020-04-14,-0.5207,0.1599,-0.3608
2020-04-13,-0.5607,0.1868,-0.3739
2020-04-09,-0.6074,0.2304,-0.377
2020-04-08,-0.665,0.2335,-0.4315
2020-04-07,-0.7234,0.2235,-0.4999
2020-04-06,-0.7793,0.2187,-0.5606
2020-04-03,-0.8339,0.1746,-0.6594
2020-04-02,-0.8776,0.1496,-0.728
2020-04-01,-0.915,0.0854,-0.8295
2020-03-31,-0.9363,0.1141,-0.8223
2020-03-30,-0.9648,0.1002,-0.8647
2020-03-27,-0.9899,0.0908,-0.8991
2020-03-26,-1.0126,0.0571,-0.9555
2020-03-25,-1.0269,0.0073,-1.0196
2020-03-24,-1.0287,-0.0568,-1.0855
2020-03-23,-1.0145,-0.1598,-1.1743
2020-03-20,-0.9745,-0.2594,-1.2339
2020-03-19,-0.9097,-0.363,-1.2726
2020-03-18,-0.8189,-0.505,-1.324
2020-03-17,-0.6927,-0.5564,-1.249
2020-03-16,-0.5536,-0.5908,-1.1444
2020-03-13,-0.4059,-0.5312,-0.9371
2020-03-12,-0.2731,-0.4653,-0.7383
2020-03-11,-0.1567,-0.3274,-0.4841
2020-03-10,-0.0749,-0.3007,-0.3756
2020-03-09,0.0003,-0.2981,-0.2978
2020-03-06,0.0748,-0.2293,-0.1545
2020-03-05,0.1321,-0.2755,-0.1434
2020-03-04,0.201,-0.3638,-0.1628
2020-03-03,0.2919,-0.3865,-0.0946
2020-03-02,0.3886,-0.3906,-0.0021
2020-02-28,0.4862,-0.4063,0.0799
2020-02-27,0.5878,-0.353,0.2348
2020-02-26,0.6761,-0.3142,0.3619
2020-02-25,0.7546,-0.2205,0.5341
2020-02-24,0.8097,-0.0814,0.7283
2020-02-21,0.8301,0.0149,0.8449
2020-02-20,0.8264,0.0722,0.8985
2020-02-19,0.8083,0.1665,0.9748
2020-02-18,0.7667,0.2097,0.9764
2020-02-14,0.7143,0.2164,0.9307
2020-02-13,0.6602,0.2243,0.8845
2020-02-12,0.6041,0.2756,0.8797
2020-02-11,0.5352,0.2308,0.7659999999999999
2020-02-10,0.4775,0.1817,0.6591
2020-02-07,0.4321,0.1641,0.5962
2020-02-06,0.391,0.1558,0.5468
2020-02-05,0.3521,0.1329,0.485
2020-02-04,0.3189,0.0991,0.4179
2020-02-03,0.2941,0.1314,0.4255
2020-01-31,0.2612,0.1632,0.4244
2020-01-30,0.2204,0.1644,0.3848
2020-01-29,0.1793,0.1055,0.2848
2020-01-28,0.153,0.0439,0.1968
2020-01-27,0.142,0.0191,0.1611
2020-01-24,0.1372,0.0065,0.1437
2020-01-23,0.1356,0.0184,0.154
2020-01-22,0.131,0.0839,0.2149
2020-01-21,0.11,0.1244,0.2344
2020-01-17,0.079,0.1556,0.2346
2020-01-16,0.0401,0.1577,0.1977
2020-01-15,0.0006,0.1833,0.184
2020-01-14,-0.0452,0.181,0.1358
2020-01-13,-0.0904,0.1586,0.0682
2020-01-10,-0.1301,0.1711,0.041
2020-01-09,-0.1729,0.1622,-0.0106
2020-01-08,-0.2134,0.1677,-0.0458
2020-01-07,-0.2553,0.1632,-0.0922
2020-01-06,-0.2961,0.0668,-0.2293
2020-01-03,-0.3128,0.0249,-0.28800000000000003
2020-01-02,-0.3191,0.0011,-0.3179
2019-12-31,-0.3193,0.0299,-0.2894
2019-12-30,-0.3268,0.0565,-0.2703
2019-12-27,-0.341,0.0757,-0.2653
2019-12-26,-0.3599,0.0885,-0.2713
2019-12-24,-0.382,0.0824,-0.2996
2019-12-23,-0.4026,0.0683,-0.3343
2019-12-20,-0.4197,0.0306,-0.389
2019-12-19,-0.4273,-0.0137,-0.441
2019-12-18,-0.4239,-0.0323,-0.4562
2019-12-17,-0.4158,-0.051,-0.4668
2019-12-16,-0.4031,-0.0288,-0.4319
2019-12-13,-0.3959,-0.0116,-0.4075
2019-12-12,-0.393,-0.0304,-0.4234
2019-12-11,-0.3854,-0.05,-0.4354
2019-12-10,-0.3729,-0.0563,-0.4292
2019-12-09,-0.3588,-0.0593,-0.4181
2019-12-06,-0.344,-0.0711,-0.4151
2019-12-05,-0.3262,-0.0974,-0.4237
2019-12-04,-0.3019,-0.1071,-0.409
2019-12-03,-0.2751,-0.1011,-0.3762
2019-12-02,-0.2498,-0.1056,-0.3554
2019-11-29,-0.2234,-0.1002,-0.3236
2019-11-27,-0.1984,-0.139,-0.3374
2019-11-26,-0.1636,-0.1875,-0.3511
2019-11-25,-0.1167,-0.1878,-0.3045
2019-11-22,-0.0698,-0.1748,-0.2446
2019-11-21,-0.0261,-0.1619,-0.188
2019-11-20,0.0144,-0.1315,-0.1171
2019-11-19,0.0473,-0.1109,-0.0636
2019-11-18,0.075,-0.0612,0.0138
2019-11-15,0.0903,-0.0279,0.0624
2019-11-14,0.0972,0.01,0.1073
2019-11-13,0.0947,0.0479,0.1426
2019-11-12,0.0828,0.0826,0.1654
2019-11-11,0.0621,0.1278,0.1899
2019-11-08,0.0302,0.1801,0.2103
2019-11-07,-0.0149,0.2359,0.2211
2019-11-06,-0.0739,0.3055,0.2316
2019-11-05,-0.1502,0.3593,0.2091
2019-11-04,-0.2401,0.3716,0.1315
2019-11-01,-0.3329,0.3462,0.0133
2019-10-31,-0.4195,0.3448,-0.0747
2019-10-30,-0.5057,0.3279,-0.1778
2019-10-29,-0.5877,0.3084,-0.2793
2019-10-28,-0.6648,0.2458,-0.419
2019-10-25,-0.7262,0.1075,-0.6188
2019-10-24,-0.7531,-0.0149,-0.768
2019-10-23,-0.7493,-0.0116,-0.7609
2019-10-22,-0.7465,-0.0015,-0.748
2019-10-21,-0.7461,-0.0224,-0.7684
2019-10-18,-0.7405,-0.048,-0.7885
2019-10-17,-0.7285,-0.0389,-0.7674
2019-10-16,-0.7188,-0.0356,-0.7544
2019-10-15,-0.7099,0.0045,-0.7053
2019-10-14,-0.711,0.0255,-0.6855
2019-10-11,-0.7174,0.0225,-0.6949
2019-10-10,-0.723,0.017,-0.706
2019-10-09,-0.7272,-0.0357,-0.7629
2019-10-08,-0.7183,-0.1111,-0.8294
2019-10-07,-0.6905,-0.136,-0.8265
2019-10-04,-0.6565,-0.17600000000000002,-0.8326
2019-10-03,-0.6125,-0.2096,-0.8221
2019-10-02,-0.5601,-0.2327,-0.7928
2019-10-01,-0.502,-0.2327,-0.7346
2019-09-30,-0.4438,-0.2303,-0.6741
2019-09-27,-0.3862,-0.2712,-0.6574
2019-09-26,-0.3184,-0.2307,-0.5491
2019-09-25,-0.2607,-0.1645,-0.4252
2019-09-24,-0.2196,-0.0566,-0.2762
2019-09-23,-0.2055,0.0359,-0.1696
2019-09-20,-0.2144,0.0653,-0.1492
2019-09-19,-0.2308,0.0508,-0.1799
2019-09-18,-0.2435,0.0421,-0.2014
2019-09-17,-0.254,0.0346,-0.2195
2019-09-16,-0.2626,0.0027,-0.2599
2019-09-13,-0.2633,0.0105,-0.2528
2019-09-12,-0.266,-0.0087,-0.2747
2019-09-11,-0.2638,-0.0439,-0.3077
2019-09-10,-0.2528,-0.0519,-0.3047
2019-09-09,-0.2398,-0.0332,-0.2731
2019-09-06,-0.2315,-0.0216,-0.2531
2019-09-05,-0.2261,-0.0345,-0.2606
2019-09-04,-0.2175,-0.0692,-0.2867
2019-09-03,-0.2002,-0.1483,-0.3485
2019-08-30,-0.1631,-0.2347,-0.3978
2019-08-29,-0.1044,-0.2274,-0.3318
2019-08-28,-0.0476,-0.1829,-0.2305
2019-08-27,-0.0018,-0.1225,-0.1243
2019-08-26,0.0288,-0.1044,-0.0756
2019-08-23,0.0549,-0.0956,-0.0408
2019-08-22,0.0788,-0.1183,-0.0395
2019-08-21,0.1083,-0.1243,-0.016
2019-08-20,0.1394,-0.1099,0.0296
2019-08-19,0.1669,-0.1224,0.0445
2019-08-16,0.1975,-0.1589,0.0385
2019-08-15,0.2372,-0.1774,0.0599
2019-08-14,0.2816,-0.12,0.1615
2019-08-13,0.3116,0.0212,0.3328
2019-08-12,0.3063,0.1139,0.4202
2019-08-09,0.2778,0.138,0.4157
2019-08-08,0.2433,0.1322,0.3755
2019-08-07,0.2102,0.1471,0.3573
2019-08-06,0.1735,0.1076,0.2811
2019-08-05,0.1466,0.0535,0.2001
2019-08-02,0.1332,-0.0222,0.111
2019-08-01,0.1388,-0.1002,0.0386
2019-07-31,0.1638,-0.1979,-0.0341
2019-07-30,0.2133,-0.3051,-0.0918
2019-07-29,0.2895,-0.365,-0.0755
2019-07-26,0.3808,-0.3722,0.0086
2019-07-25,0.4739,-0.3918,0.0821
2019-07-24,0.5718,-0.4072,0.1646
2019-07-23,0.6736,-0.3736,0.3
2019-07-22,0.767,-0.3911,0.3759
2019-07-19,0.8648,-0.3884,0.4764
2019-07-18,0.9619,-0.3783,0.5836
2019-07-17,1.0565,-0.3894,0.667
2019-07-16,1.1538,-0.3065,0.8473
2019-07-15,1.2304,-0.1409,1.0896
2019-07-12,1.2657,-0.0711,1.1946
2019-07-11,1.2834,-0.012,1.2715
2019-07-10,1.2864,0.0607,1.3471
2019-07-09,1.2713,0.1171,1.3884
2019-07-08,1.242,0.0658,1.3078
2019-07-05,1.2255,0.0236,1.2491
2019-07-03,1.2196,0.0444,1.264
2019-07-02,1.2085,0.053,1.2615
2019-07-01,1.1953,0.1201,1.3153
2019-06-28,1.1653,0.3249,1.4901
2019-06-27,1.084,0.3632,1.4472
2019-06-26,0.9933,0.5115,1.5048
2019-06-25,0.8654,0.359,1.2244
2019-06-24,0.7756,0.2971,1.0727
2019-06-21,0.7013,0.1867,0.888
2019-06-20,0.6547,0.0956,0.7503
2019-06-19,0.6308,0.0163,0.6471
2019-06-18,0.6267,0.0086,0.6352
2019-06-17,0.6246,-0.0137,0.6109
2019-06-14,0.628,-0.112,0.516
2019-06-13,0.6559999999999999,-0.1465,0.5095
2019-06-12,0.6926,-0.1937,0.4989
2019-06-11,0.741,-0.2324,0.5086
2019-06-10,0.7991,-0.2193,0.5798
2019-06-07,0.8540000000000001,-0.2375,0.6165
2019-06-06,0.9133,-0.2702,0.6431
2019-06-05,0.9809,-0.2002,0.7807
2019-06-04,1.0309,-0.1439,0.887
2019-06-03,1.0669,0.0141,1.081
2019-05-31,1.0634,0.0816,1.145
2019-05-30,1.043,0.1374,1.1804
2019-05-29,1.0087,0.1417,1.1503
2019-05-28,0.9732,0.1221,1.0953
2019-05-24,0.9427,0.0857,1.0284
2019-05-23,0.9213,0.0822,1.0035
2019-05-22,0.9007,0.1286,1.0294
2019-05-21,0.8686,0.1605,1.0291
2019-05-20,0.8285,0.1619,0.9904
2019-05-17,0.7879999999999999,0.1843,0.9723
2019-05-16,0.7419,0.2666,1.0085
2019-05-15,0.6753,0.2924,0.9676
2019-05-14,0.6022,0.2372,0.8393
2019-05-13,0.5429,0.2295,0.7723
2019-05-10,0.4855,0.1157,0.6012
2019-05-09,0.4566,0.0815,0.5379999999999999
2019-05-08,0.4362,0.051,0.4872
2019-05-07,0.4234,0.0315,0.455
2019-05-06,0.4155,-0.0053,0.4103
2019-05-03,0.4169,-0.0401,0.3767
2019-05-02,0.4269,-0.0785,0.3484
2019-05-01,0.4465,-0.0911,0.3554
2019-04-30,0.4693,-0.0999,0.3694
2019-04-29,0.4943,-0.0981,0.3962
2019-04-26,0.5188,-0.0535,0.4653
2019-04-25,0.5322,0.0075,0.5396
2019-04-24,0.5303,0.0251,0.5554
2019-04-23,0.524,0.0628,0.5868
2019-04-22,0.5083,0.0489,0.5572
2019-04-18,0.4961,0.0478,0.544
2019-04-17,0.4842,0.0523,0.5364
2019-04-16,0.4711,0.0672,0.5383
2019-04-15,0.4543,0.0807,0.535
2019-04-12,0.4341,0.1449,0.579
2019-04-11,0.3979,0.1931,0.591
2019-04-10,0.3496,0.2309,0.5805
2019-04-09,0.2919,0.1995,0.4914
2019-04-08,0.242,0.1978,0.4398
2019-04-05,0.1926,0.1556,0.3482
2019-04-04,0.1537,0.1305,0.2842
2019-04-03,0.121,0.1222,0.2432
2019-04-02,0.0905,0.0592,0.1497
2019-04-01,0.0757,-0.0017,0.07400000000000001
2019-03-29,0.0761,-0.0214,0.0547
2019-03-28,0.0815,-0.0329,0.0486
2019-03-27,0.0897,-0.0252,0.0645
2019-03-26,0.096,-0.0202,0.0758
2019-03-25,0.101,-0.0059,0.0951
2019-03-22,0.1025,0.015,0.1175
2019-03-21,0.0987,0.0229,0.1216
2019-03-20,0.093,0.0303,0.1233
2019-03-19,0.0854,0.0271,0.1126
2019-03-18,0.0786,0.0114,0.09
2019-03-15,0.0758,-0.0047,0.0712
2019-03-14,0.077,-0.0085,0.0684
2019-03-13,0.0791,0.0012,0.0803
2019-03-12,0.0788,0.0154,0.0942
2019-03-11,0.075,0.0255,0.1004
2019-03-08,0.0686,0.0363,0.1049
2019-03-07,0.0595,0.0251,0.0846
2019-03-06,0.0533,0.0154,0.0687
2019-03-05,0.0494,0.0082,0.0576
2019-03-04,0.0474,0.0033,0.0507
2019-03-01,0.0465,0.0231,0.0696
2019-02-28,0.0408,0.0225,0.0633
2019-02-27,0.0351,0.0314,0.0665
2019-02-26,0.0273,0.0586,0.0859
2019-02-25,0.0126,0.0907,0.1034
2019-02-22,-0.0101,0.1047,0.0946
2019-02-21,-0.0362,0.0989,0.0627
2019-02-20,-0.061,0.0942,0.0333
2019-02-19,-0.0845,0.0695,-0.015
2019-02-15,-0.1019,0.0399,-0.062
2019-02-14,-0.1119,0.0405,-0.0713
2019-02-13,-0.122,0.051,-0.071
2019-02-12,-0.1347,0.0571,-0.0776
2019-02-11,-0.149,0.0411,-0.1079
2019-02-08,-0.1593,0.0301,-0.1292
2019-02-07,-0.1668,-0.011,-0.1779
2019-02-06,-0.1641,-0.0133,-0.1773
2019-02-05,-0.1608,-0.0103,-0.1711
2019-02-04,-0.1582,-0.0085,-0.1667
2019-02-01,-0.1561,-0.0087,-0.1647
2019-01-31,-0.1539,-0.0121,-0.166
2019-01-30,-0.1508,-0.0113,-0.1621
2019-01-29,-0.14800000000000002,-0.0139,-0.162
2019-01-28,-0.1445,-0.0108,-0.1553
2019-01-25,-0.1418,0.0064,-0.1354
2019-01-24,-0.1435,0.0089,-0.1345
2019-01-23,-0.1457,0.0082,-0.1375
2019-01-22,-0.1477,0.0216,-0.1261
2019-01-18,-0.1531,0.0302,-0.123
2019-01-17,-0.1607,0.0344,-0.1263
2019-01-16,-0.1693,0.0314,-0.1379
2019-01-15,-0.1771,0.0458,-0.1314
2019-01-14,-0.1886,0.0705,-0.1181
2019-01-11,-0.2062,0.0804,-0.1258
2019-01-10,-0.2263,0.1077,-0.1186
2019-01-09,-0.2532,0.1455,-0.1077
2019-01-08,-0.2896,0.1577,-0.1319
2019-01-07,-0.329,0.1426,-0.1864
2019-01-04,-0.3647,0.1217,-0.243
2019-01-03,-0.3951,0.117,-0.2781
2019-01-02,-0.4243,0.1065,-0.3178
2018-12-31,-0.451,0.0769,-0.3741
2018-12-28,-0.4702,0.0964,-0.3738
2018-12-27,-0.4943,0.1055,-0.3888
2018-12-26,-0.5207,0.1315,-0.3892
2018-12-24,-0.5536,0.1483,-0.4053
2018-12-21,-0.5906,0.1156,-0.475
2018-12-20,-0.6195,0.1104,-0.5092
2018-12-19,-0.6471,0.0702,-0.5769
2018-12-18,-0.6647,0.0422,-0.6225
2018-12-17,-0.6752,0.02,-0.6552
2018-12-14,-0.6802,-0.0277,-0.7079
2018-12-13,-0.6733,-0.0396,-0.7129
2018-12-12,-0.6634,-0.0501,-0.7135
2018-12-11,-0.6509,-0.0698,-0.7207
2018-12-10,-0.6334,-0.0758,-0.7092
2018-12-07,-0.6145,-0.0779,-0.6924
2018-12-06,-0.595,-0.0607,-0.6557
2018-12-04,-0.5798,-0.0511,-0.6309
2018-12-03,-0.5670000000000001,-0.0455,-0.6125
2018-11-30,-0.5556,-0.049,-0.6046
2018-11-29,-0.5434,-0.0667,-0.6101
2018-11-28,-0.5267,-0.1121,-0.6388
2018-11-27,-0.4987,-0.1929,-0.6916
2018-11-26,-0.4505,-0.2129,-0.6634
2018-11-23,-0.3972,-0.1991,-0.5964
2018-11-21,-0.3475,-0.1944,-0.5418
2018-11-20,-0.2989,-0.1808,-0.4796
2018-11-19,-0.2537,-0.1258,-0.3795
2018-11-16,-0.2222,-0.0754,-0.2976
2018-11-15,-0.2034,-0.0516,-0.255
2018-11-14,-0.1905,-0.0267,-0.2172
2018-11-13,-0.1838,0.0455,-0.1383
2018-11-12,-0.1952,0.069,-0.1262
2018-11-09,-0.2124,0.0994,-0.113
2018-11-08,-0.2373,0.1275,-0.1098
2018-11-07,-0.2692,0.1264,-0.1428
2018-11-06,-0.3008,0.0895,-0.2113
2018-11-05,-0.3231,0.0508,-0.2723
2018-11-02,-0.3358,0.0227,-0.3131
2018-11-01,-0.3415,0.0048,-0.3367
2018-10-31,-0.3427,0.0103,-0.3324
2018-10-30,-0.3453,0.0131,-0.3323
2018-10-29,-0.3486,0.0295,-0.3191
2018-10-26,-0.35600000000000004,0.041,-0.315
2018-10-25,-0.3662,0.0469,-0.3193
2018-10-24,-0.3779,0.0505,-0.3274
2018-10-23,-0.3905,0.0423,-0.3483
2018-10-22,-0.4011,0.0282,-0.3729
2018-10-19,-0.4082,0.0134,-0.3947
2018-10-18,-0.4115,0.0078,-0.4037
2018-10-17,-0.4135,0.0114,-0.4021
2018-10-16,-0.4163,-0.0013,-0.4177
2018-10-15,-0.416,-0.0226,-0.4386
2018-10-12,-0.4103,-0.0455,-0.4558
2018-10-11,-0.399,-0.0315,-0.4305
2018-10-10,-0.3911,0.0064,-0.3848
2018-10-09,-0.3927,0.0179,-0.3748
2018-10-08,-0.3972,-0.0016,-0.3988
2018-10-05,-0.3968,-0.0427,-0.4395
2018-10-04,-0.3861,-0.0398,-0.4259
2018-10-03,-0.3762,-0.0426,-0.4187
2018-10-02,-0.3655,-0.0277,-0.3933
2018-10-01,-0.3586,-0.0006,-0.3591
2018-09-28,-0.3584,0.0145,-0.3439
2018-09-27,-0.3621,0.0211,-0.3409
2018-09-26,-0.3674,0.021,-0.3464
2018-09-25,-0.3726,0.0294,-0.3432
2018-09-24,-0.3799,0.0437,-0.3362
2018-09-21,-0.3909,0.041,-0.3499
2018-09-20,-0.4011,-0.0151,-0.4162
2018-09-19,-0.3973,-0.0201,-0.4174
2018-09-18,-0.3923,-0.0288,-0.4211
2018-09-17,-0.3851,-0.0274,-0.4124
2018-09-14,-0.3783,-0.0111,-0.3893
2018-09-13,-0.3755,-0.0306,-0.4061
2018-09-12,-0.3678,-0.068,-0.4358
2018-09-11,-0.3508,-0.0708,-0.4216
2018-09-10,-0.3331,-0.0541,-0.3872
2018-09-07,-0.3196,-0.0272,-0.3468
2018-09-06,-0.3128,0.0115,-0.3013
2018-09-05,-0.3157,0.0523,-0.2634
2018-09-04,-0.3288,0.0902,-0.2386
2018-08-31,-0.3513,0.0816,-0.2697
2018-08-30,-0.3717,0.0662,-0.3055
2018-08-29,-0.3883,0.0792,-0.309
2018-08-28,-0.4081,0.0624,-0.3457
2018-08-27,-0.4237,-0.0015,-0.4252
2018-08-24,-0.4233,-0.0442,-0.4675
2018-08-23,-0.4123,-0.0861,-0.4984
2018-08-22,-0.3908,-0.1031,-0.4939
2018-08-21,-0.365,-0.1272,-0.4922
2018-08-20,-0.3332,-0.1435,-0.4767
2018-08-17,-0.2973,-0.1416,-0.4389
2018-08-16,-0.2619,-0.1335,-0.3954
2018-08-15,-0.2285,-0.129,-0.3575
2018-08-14,-0.1963,-0.1627,-0.359
2018-08-13,-0.1556,-0.1553,-0.3109
2018-08-10,-0.1168,-0.1495,-0.2663
2018-08-09,-0.0794,-0.1455,-0.2249
2018-08-08,-0.043,-0.14,-0.183
2018-08-07,-0.008,-0.1178,-0.1259
2018-08-06,0.0214,-0.1133,-0.0918
2018-08-03,0.0497,-0.0805,-0.0308
2018-08-02,0.0699,-0.0406,0.0293
2018-08-01,0.08,0.0052,0.0852
2018-07-31,0.0787,0.102,0.1807
2018-07-30,0.0532,0.2142,0.2674
2018-07-27,-0.0003,0.3043,0.304
2018-07-26,-0.0764,0.3371,0.2607
2018-07-25,-0.1607,0.3471,0.1864
2018-07-24,-0.2475,0.3587,0.1112
2018-07-23,-0.3371,0.3121,-0.0251
2018-07-20,-0.4152,0.2858,-0.1294
2018-07-19,-0.4866,0.285,-0.2016
2018-07-18,-0.5578,0.2721,-0.2857
2018-07-17,-0.6259,0.2491,-0.3768
2018-07-16,-0.6881,0.1335,-0.5547
2018-07-13,-0.7215,0.069,-0.6525
2018-07-12,-0.7388,0.0788,-0.66
2018-07-11,-0.7585,0.0915,-0.667
2018-07-10,-0.7813,0.111,-0.6704
2018-07-09,-0.8091,0.1523,-0.6568
2018-07-06,-0.8471,0.1124,-0.7347
2018-07-05,-0.8752,0.0588,-0.8164
2018-07-03,-0.8899,-0.0005,-0.8905
2018-07-02,-0.8898,-0.0781,-0.968
2018-06-29,-0.8703,-0.2018,-1.0721
2018-06-28,-0.8198,-0.1997,-1.0195
2018-06-27,-0.7699,-0.2093,-0.9792
2018-06-26,-0.7176,-0.1531,-0.8707
2018-06-25,-0.6793,-0.1127,-0.792
2018-06-22,-0.6511,-0.0868,-0.7379
2018-06-21,-0.6294,-0.0593,-0.6888
2018-06-20,-0.6146,-0.0625,-0.6771
2018-06-19,-0.599,-0.0737,-0.6727
2018-06-18,-0.5806,-0.087,-0.6675
2018-06-15,-0.5588,-0.0975,-0.6563
2018-06-14,-0.5345,-0.0877,-0.6222
2018-06-13,-0.5125,-0.1162,-0.6287
2018-06-12,-0.4835,-0.0497,-0.5331
2018-06-11,-0.4711,-0.0026,-0.4737
2018-06-08,-0.4704,0.0377,-0.4327
2018-06-07,-0.4798,0.004,-0.4759
2018-06-06,-0.4808,-0.0595,-0.5403
2018-06-05,-0.466,-0.1071,-0.573
2018-06-04,-0.4392,-0.1652,-0.6044
2018-06-01,-0.3979,-0.1919,-0.5898
2018-05-31,-0.3499,-0.2249,-0.5748
2018-05-30,-0.2937,-0.2719,-0.5656
2018-05-29,-0.2257,-0.2874,-0.5131
2018-05-25,-0.1539,-0.3041,-0.458
2018-05-24,-0.0778,-0.3031,-0.3809
2018-05-23,-0.0021,-0.2841,-0.2862
2018-05-22,0.069,-0.2281,-0.1591
2018-05-21,0.126,-0.2082,-0.0822
2018-05-18,0.17800000000000002,-0.2148,-0.0367
2018-05-17,0.2317,-0.2023,0.0294
2018-05-16,0.2823,-0.1683,0.114
2018-05-15,0.3244,-0.1265,0.1978
2018-05-14,0.35600000000000004,-0.1049,0.2511
2018-05-11,0.3822,-0.0923,0.2899
2018-05-10,0.4053,-0.0293,0.3761
2018-05-09,0.4126,0.019,0.4316
2018-05-08,0.4079,0.0487,0.4565
2018-05-07,0.3957,0.1125,0.5082
2018-05-04,0.3676,0.1726,0.5402
2018-05-03,0.3244,0.1857,0.5102
2018-05-02,0.278,0.2261,0.5041
2018-05-01,0.2215,0.3448,0.5663
2018-04-30,0.1353,0.4514,0.5867
2018-04-27,0.0225,0.489,0.5114
2018-04-26,-0.0998,0.5434,0.4436
2018-04-25,-0.2357,0.6015,0.3659
2018-04-24,-0.386,0.6759,0.2898
2018-04-23,-0.555,0.5592,0.0042
2018-04-20,-0.6948,0.5005,-0.1944
2018-04-19,-0.8199,0.4156,-0.4043
2018-04-18,-0.9238,0.3797,-0.5442
2018-04-17,-1.0187,0.3457,-0.6729999999999999
2018-04-16,-1.1052,0.3599,-0.7453
2018-04-13,-1.1951,0.2922,-0.903
2018-04-12,-1.2682,0.1424,-1.1258
2018-04-11,-1.3038,0.0159,-1.2879
2018-04-10,-1.3078,-0.0665,-1.3742
2018-04-09,-1.2911,-0.1295,-1.4207
2018-04-06,-1.2588,-0.1496,-1.4084
2018-04-05,-1.2214,-0.1508,-1.3722
2018-04-04,-1.1837,-0.1692,-1.3528
2018-04-03,-1.1414,-0.1783,-1.3197
2018-04-02,-1.0968,-0.3193,-1.4161
2018-03-29,-1.017,-0.3507,-1.3677
2018-03-28,-0.9293,-0.2856,-1.2149
2018-03-27,-0.8579,-0.2246,-1.0825
2018-03-26,-0.8018,-0.1644,-0.9661
2018-03-23,-0.7607,-0.11,-0.8707
2018-03-22,-0.7332,-0.116,-0.8492
2018-03-21,-0.7042,-0.1429,-0.8471
2018-03-20,-0.6684,-0.2308,-0.8993
2018-03-19,-0.6107,-0.3268,-0.9375
2018-03-16,-0.529,-0.3419,-0.8709
2018-03-15,-0.4436,-0.3938,-0.8374
2018-03-14,-0.3451,-0.3589,-0.7040000000000001
2018-03-13,-0.2554,-0.2523,-0.5077
2018-03-12,-0.1923,-0.2097,-0.402
2018-03-09,-0.1399,-0.1581,-0.298
2018-03-08,-0.1003,-0.0431,-0.1435
2018-03-07,-0.0896,0.069,-0.0205
2018-03-06,-0.1068,0.2435,0.1366
2018-03-05,-0.1677,0.3584,0.1907
2018-03-02,-0.2573,0.3666,0.1093
2018-03-01,-0.3489,0.4148,0.0659
2018-02-28,-0.4526,0.452,-0.0006
2018-02-27,-0.5656,0.5075,-0.0581
2018-02-26,-0.6925,0.5284,-0.1641
2018-02-23,-0.8246,0.5621,-0.2625
2018-02-22,-0.9651,0.6431,-0.3221
2018-02-21,-1.1259,0.762,-0.3639
2018-02-20,-1.3164,0.8086,-0.5077
2018-02-16,-1.5185,0.6177,-0.9008
2018-02-15,-1.6729,0.5106,-1.1624
2018-02-14,-1.8006,0.2317,-1.5689
2018-02-13,-1.8585,0.0175,-1.841
2018-02-12,-1.8629,-0.0898,-1.9527
2018-02-09,-1.8404,-0.2754,-2.1158
2018-02-08,-1.7716,-0.4676,-2.2392
2018-02-07,-1.6547,-0.6693,-2.324
2018-02-06,-1.4874,-0.885,-2.3724
2018-02-05,-1.2661,-0.993,-2.2591
2018-02-02,-1.0178,-0.8338,-1.8516
2018-02-01,-0.8094,-0.6937,-1.5031
2018-01-31,-0.636,-0.5135,-1.1495
2018-01-30,-0.5076,-0.4263,-0.9339
2018-01-29,-0.401,-0.4395,-0.8406
2018-01-26,-0.2911,-0.5841,-0.8752
2018-01-25,-0.1451,-0.6534,-0.7985
2018-01-24,0.0182,-0.7519,-0.7337
2018-01-23,0.2062,-0.8298,-0.6236
2018-01-22,0.4137,-0.8681,-0.4545
2018-01-19,0.6307,-0.9001,-0.2694
2018-01-18,0.8557,-0.9767,-0.121
2018-01-17,1.0999,-1.1292,-0.0294
2018-01-16,1.3822,-1.0469,0.3353
2018-01-12,1.6439,-0.96,0.6839
2018-01-11,1.8839,-1.0267,0.8572
2018-01-10,2.1406,-0.7816,1.359
2018-01-09,2.336,-0.6394,1.6966
2018-01-08,2.4958,-0.6156,1.8802
2018-01-05,2.6497,-0.6126,2.0371
2018-01-04,2.8029,-0.7440000000000001,2.0589
2018-01-03,2.9889,-0.7825,2.2064
2018-01-02,3.1845,-0.8789,2.3056
2017-12-29,3.4042,-1.0128,2.3914
2017-12-28,3.6574,-0.9166,2.7408
2017-12-27,3.8866,-0.6513,3.2353
2017-12-26,4.0494,-0.4684,3.5810000000000004
2017-12-22,4.1665,-0.4312,3.7353
2017-12-21,4.2743,0.0176,4.2919
2017-12-20,4.2699,0.9138,5.1837
2017-12-19,4.0414,1.5216,5.563
2017-12-18,3.661,1.5914,5.2524
2017-12-15,3.2632,1.0218,4.285
2017-12-14,3.0077,0.835,3.8427
2017-12-13,2.799,0.7858,3.5848
2017-12-12,2.6025,0.6457,3.2482
2017-12-11,2.4411,0.3997,2.8408
2017-12-08,2.3412,0.4112,2.7524
2017-12-07,2.2383,0.5854,2.8238
2017-12-06,2.092,0.5914,2.6834
2017-12-05,1.9441,0.6867,2.6308
2017-12-04,1.7725,0.8628,2.6353
2017-12-01,1.5568,0.7649,2.3216
2017-11-30,1.3656,0.701,2.0666
2017-11-29,1.1903,0.6818,1.8721
2017-11-28,1.0199,0.5297,1.5496
2017-11-27,0.8874,0.332,1.2195
2017-11-24,0.8044,0.1337,0.9382
2017-11-22,0.7709999999999999,0.0798,0.8508
2017-11-21,0.7511,0.0642,0.8153
2017-11-20,0.735,0.0498,0.7847
2017-11-17,0.7226,0.0243,0.7469
2017-11-16,0.7165,0.0322,0.7487
2017-11-15,0.7084,0.0344,0.7429
2017-11-14,0.6998,0.0617,0.7616
2017-11-13,0.6844,0.1683,0.8527
2017-11-10,0.6423,0.2505,0.8928
2017-11-09,0.5797,0.3256,0.9053
2017-11-08,0.4983,0.358,0.8563
2017-11-07,0.4088,0.3783,0.7872
2017-11-06,0.3142,0.3979,0.7121
2017-11-03,0.2148,0.3632,0.578
2017-11-02,0.124,0.2454,0.3693
2017-11-01,0.0626,0.1711,0.2338
2017-10-31,0.0198,0.1165,0.1363
2017-10-30,-0.0093,0.0389,0.0296
2017-10-27,-0.019,0.0143,-0.0047
2017-10-26,-0.0226,0.0187,-0.0039
2017-10-25,-0.0273,0.0062,-0.0211
2017-10-24,-0.0288,0.0088,-0.02
2017-10-23,-0.031,0.0097,-0.0213
2017-10-20,-0.0334,0.0028,-0.0307
2017-10-19,-0.0341,-0.0225,-0.0566
2017-10-18,-0.0285,-0.0341,-0.0626
2017-10-17,-0.02,-0.0393,-0.0593
2017-10-16,-0.0101,-0.0499,-0.06
2017-10-13,0.0023,-0.0465,-0.0442
2017-10-12,0.014,-0.0585,-0.0446
2017-10-11,0.0286,-0.0744,-0.0458
2017-10-10,0.0472,-0.0403,0.0069
2017-10-09,0.0573,-0.0276,0.0297
2017-10-06,0.0641,-0.0341,0.03
2017-10-05,0.0727,-0.0329,0.0398
2017-10-04,0.0809,-0.0373,0.0436
2017-10-03,0.0902,-0.0309,0.0593
2017-10-02,0.098,-0.0209,0.0771
2017-09-29,0.1032,-0.0291,0.0741
2017-09-28,0.1105,-0.0327,0.0777
2017-09-27,0.1186,-0.0509,0.0678
2017-09-26,0.1313,-0.1013,0.0301
2017-09-25,0.1567,-0.1282,0.0285
2017-09-22,0.1887,-0.1603,0.0285
2017-09-21,0.2288,-0.1737,0.0551
2017-09-20,0.2722,-0.1759,0.0963
2017-09-19,0.3162,-0.2237,0.0925
2017-09-18,0.3721,-0.2808,0.0913
2017-09-15,0.4423,-0.3938,0.0485
2017-09-14,0.5407,-0.4327,0.1081
2017-09-13,0.6489,-0.3547,0.2942
2017-09-12,0.7376,-0.2578,0.4798
2017-09-11,0.802,-0.2213,0.5808
2017-09-08,0.8574,-0.1512,0.7062
2017-09-07,0.8952,-0.0682,0.8270000000000001
2017-09-06,0.9122,-0.014,0.8982
2017-09-05,0.9157,0.0201,0.9358
2017-09-01,0.9107,0.1147,1.0254
2017-08-31,0.882,0.2178,1.0998
2017-08-30,0.8275,0.1463,0.9739
2017-08-29,0.7909999999999999,0.086,0.8769
2017-08-28,0.7695,0.065,0.8345
2017-08-25,0.7532,0.0816,0.8348
2017-08-24,0.7328,0.1016,0.8344
2017-08-23,0.7074,0.1193,0.8267
2017-08-22,0.6776,0.1473,0.8249
2017-08-21,0.6408,0.182,0.8228
2017-08-18,0.5953,0.2317,0.8269
2017-08-17,0.5373,0.2783,0.8156
2017-08-16,0.4678,0.2821,0.7499
2017-08-15,0.3973,0.2678,0.665
2017-08-14,0.3303,0.2647,0.595
2017-08-11,0.2641,0.17800000000000002,0.4421
2017-08-10,0.2196,0.1442,0.3638
2017-08-09,0.1836,0.1317,0.3152
2017-08-08,0.1507,0.1379,0.2886
2017-08-07,0.1162,0.1252,0.2414
2017-08-04,0.0849,0.0827,0.1676
2017-08-03,0.0642,0.0708,0.135
2017-08-02,0.0465,0.048,0.0945
2017-08-01,0.0345,0.0357,0.0702
2017-07-31,0.0256,0.0317,0.0573
2017-07-28,0.0177,0.0263,0.044
2017-07-27,0.0111,0.0153,0.0264
2017-07-26,0.0073,0.0113,0.0185
2017-07-25,0.0045,0.0083,0.0127
2017-07-24,0.0024,-0.0008,0.0016
2017-07-21,0.0026,-0.0291,-0.0266
2017-07-20,0.0099,-0.05,-0.0402
2017-07-19,0.0224,-0.0733,-0.051
2017-07-18,0.0407,-0.0727,-0.032
2017-07-17,0.0589,-0.0862,-0.0273
2017-07-14,0.0804,-0.0693,0.0111
2017-07-13,0.0978,-0.0668,0.0309
2017-07-12,0.1145,-0.0752,0.0393
2017-07-11,0.1332,-0.0922,0.041
2017-07-10,0.1563,-0.0898,0.0665
2017-07-07,0.1788,-0.0897,0.0891
2017-07-06,0.2012,-0.0926,0.1086
2017-07-05,0.2243,-0.0994,0.1249
2017-07-03,0.2492,-0.1126,0.1366
2017-06-30,0.2773,-0.1245,0.1528
2017-06-29,0.3085,-0.1231,0.1853
2017-06-28,0.3393,-0.1251,0.2142
2017-06-27,0.3705,-0.1347,0.2358
2017-06-26,0.4042,-0.1289,0.2753
2017-06-23,0.4364,-0.1098,0.3266
2017-06-22,0.4639,-0.123,0.3409
2017-06-21,0.4946,-0.1263,0.3683
2017-06-20,0.5262,-0.1391,0.3871
2017-06-19,0.561,-0.1805,0.3805
2017-06-16,0.6061,-0.2036,0.4025
2017-06-15,0.657,-0.2083,0.4486
2017-06-14,0.7091,-0.1905,0.5186
2017-06-13,0.7567,-0.1239,0.6328
2017-06-12,0.7877,-0.0666,0.7211
2017-06-09,0.8043,0.0304,0.8347
2017-06-08,0.7967,0.1028,0.8995
2017-06-07,0.7709999999999999,0.1681,0.9391
2017-06-06,0.7290000000000001,0.2039,0.9329
2017-06-05,0.6779999999999999,0.2151,0.8931
2017-06-02,0.6242,0.2355,0.8597
2017-06-01,0.5654,0.2552,0.8206
2017-05-31,0.5016,0.2454,0.747
2017-05-30,0.4402,0.2296,0.6698
2017-05-26,0.3828,0.2358,0.6186
2017-05-25,0.3239,0.2424,0.5663
2017-05-24,0.2633,0.156,0.4193
2017-05-23,0.2243,0.0632,0.2875
2017-05-22,0.2085,0.0276,0.2362
2017-05-19,0.2016,0.0185,0.2201
2017-05-18,0.197,0.0215,0.2185
2017-05-17,0.1916,0.0256,0.2172
2017-05-16,0.1852,0.0307,0.2159
2017-05-15,0.1775,0.0401,0.2176
2017-05-12,0.1675,0.0541,0.2216
2017-05-11,0.1539,0.0815,0.2355
2017-05-10,0.1336,0.0902,0.2238
2017-05-09,0.111,0.0886,0.1996
2017-05-08,0.0889,0.0639,0.1528
2017-05-05,0.0729,0.0509,0.1238
2017-05-04,0.0602,0.0419,0.1021
2017-05-03,0.0497,0.0361,0.0858
2017-05-02,0.0406,0.0267,0.0673
2017-05-01,0.034,0.0249,0.0588
2017-04-28,0.0278,0.0153,0.0431
2017-04-27,0.0239,0.0152,0.0391
2017-04-26,0.0201,0.009000000000000001,0.0292
2017-04-25,0.0179,0.0062,0.0241
2017-04-24,0.0163,0.0062,0.0226
2017-04-21,0.0148,0.0067,0.0215
2017-04-20,0.0131,0.0077,0.0208
2017-04-19,0.0112,0.0065,0.0177
2017-04-18,0.0095,0.0068,0.0163
2017-04-17,0.0078,0.0059,0.0138
2017-04-13,0.0064,0.006999999999999999,0.0134
2017-04-12,0.0046,0.0111,0.0157
2017-04-11,0.0018,0.0107,0.0125
2017-04-10,-0.0009,0.009000000000000001,0.0082
2017-04-07,-0.0031,0.0066,0.0035
2017-04-06,-0.0048,0.0043,-0.0004
2017-04-05,-0.0059,0.001,-0.0049
2017-04-04,-0.0061,-0.0005,-0.0066
2017-04-03,-0.006,-0.0043,-0.0103
2017-03-31,-0.0049,-0.0111,-0.016
2017-03-30,-0.0021,-0.0158,-0.0179
2017-03-29,0.0019,-0.0178,-0.016
2017-03-28,0.0063,-0.0211,-0.0148
2017-03-27,0.0116,-0.0227,-0.0111
2017-03-24,0.0173,-0.0258,-0.0086
2017-03-23,0.0237,-0.0241,-0.0004
2017-03-22,0.0297,-0.0226,0.0072
2017-03-21,0.0354,-0.0178,0.0176
2017-03-20,0.0398,-0.0211,0.0187
2017-03-17,0.0451,-0.0082,0.0369
2017-03-16,0.0471,0.0004,0.0475
2017-03-15,0.047,0.0089,0.0559
2017-03-14,0.0448,0.0115,0.0563
2017-03-13,0.042,0.015,0.057
2017-03-10,0.0382,0.016,0.0543
2017-03-09,0.0342,0.0146,0.0488
2017-03-08,0.0306,0.018000000000000002,0.0485
2017-03-07,0.0261,0.0258,0.0519
2017-03-06,0.0196,0.027000000000000003,0.0466
2017-03-03,0.0129,0.0193,0.0321
2017-03-02,0.0081,0.0151,0.0232
2017-03-01,0.0043,0.0108,0.015
2017-02-28,0.0016,0.0112,0.0128
2017-02-27,-0.0012,0.013,0.0118
2017-02-24,-0.0045,0.0128,0.0083
2017-02-23,-0.0077,0.0095,0.0018
2017-02-22,-0.0101,0.0055,-0.0046
2017-02-21,-0.0114,0.0023,-0.0092
2017-02-17,-0.012,-0.0004,-0.0124
2017-02-16,-0.0119,-0.0014,-0.0133
2017-02-15,-0.0116,-0.0027,-0.0142
2017-02-14,-0.0109,-0.0044,-0.0153
2017-02-13,-0.0098,-0.0065,-0.0163
2017-02-10,-0.0082,-0.0069,-0.015
2017-02-09,-0.0065,-0.0067,-0.0131
2017-02-08,-0.0048,-0.0042,-0.0089
2017-02-07,-0.0037,-0.0048,-0.0085
2017-02-06,-0.0026,-0.0063,-0.0088
2017-02-03,-0.001,-0.0082,-0.0091
2017-02-02,0.0011,-0.0104,-0.0094
2017-02-01,0.0037,-0.0127,-0.009000000000000001
2017-01-31,0.0068,-0.0137,-0.0069
2017-01-30,0.0103,-0.0149,-0.0047
2017-01-27,0.014,-0.015,-0.001
2017-01-26,0.0177,-0.0162,0.0015
2017-01-25,0.0218,-0.0149,0.0069
2017-01-24,0.0255,-0.0106,0.0149
2017-01-23,0.0282,-0.0086,0.0196
2017-01-20,0.0303,-0.0102,0.0201
2017-01-19,0.0328,-0.0113,0.0215
2017-01-18,0.0357,-0.0137,0.022
2017-01-17,0.0391,-0.0159,0.0232
2017-01-13,0.0431,-0.0196,0.0235
2017-01-12,0.048,-0.0165,0.0315
2017-01-11,0.0521,-0.0098,0.0423
2017-01-10,0.0545,-0.0017,0.0529
2017-01-09,0.055,0.0062,0.0612
2017-01-06,0.0534,0.0179,0.0713
2017-01-05,0.0489,0.0321,0.081
2017-01-04,0.0409,0.0391,0.08
2017-01-03,0.0311,0.0294,0.0605
2016-12-30,0.0238,0.0209,0.0447
2016-12-29,0.0186,0.0198,0.0383
2016-12-28,0.0136,0.0161,0.0297
2016-12-27,0.0096,0.0102,0.0198
2016-12-23,0.006999999999999999,0.0051,0.0121
2016-12-22,0.0057,0.0005,0.0062
2016-12-21,0.0056,-0.0014,0.0042
2016-12-20,0.006,-0.0031,0.0029
2016-12-19,0.0067,-0.0028,0.0039
2016-12-16,0.0074,-0.0022,0.0052
2016-12-15,0.008,-0.0019,0.0061
2016-12-14,0.0085,-0.0009,0.0076
2016-12-13,0.0087,-0.0006,0.0081
2016-12-12,0.0088,-0.0004,0.0084
2016-12-09,0.0089,-0.0025,0.0064
2016-12-08,0.0096,-0.0039,0.0057
2016-12-07,0.0105,-0.0068,0.0038
2016-12-06,0.0122,-0.0087,0.0035
2016-12-05,0.0144,-0.0087,0.0057
2016-12-02,0.0166,-0.008,0.0086
2016-12-01,0.0186,-0.0108,0.0078
2016-11-30,0.0213,-0.0115,0.0098
2016-11-29,0.0242,-0.0103,0.0139
2016-11-28,0.0267,-0.0063,0.0204
2016-11-25,0.0283,-0.0039,0.0245
2016-11-23,0.0293,-0.0,0.0293
2016-11-22,0.0293,0.0037,0.033
2016-11-21,0.0284,0.0038,0.0322
2016-11-18,0.0274,0.0044,0.0318
2016-11-17,0.0263,0.003,0.0293
2016-11-16,0.0256,0.0015,0.0271
2016-11-15,0.0252,-0.0007,0.0245
2016-11-14,0.0254,-0.003,0.0223
2016-11-11,0.0261,-0.0019,0.0242
2016-11-10,0.0266,-0.0014,0.0253
2016-11-09,0.027000000000000003,0.0013,0.0282
2016-11-08,0.0266,0.0002,0.0269
2016-11-07,0.0266,0.0009,0.0275
2016-11-04,0.0264,0.006,0.0324
2016-11-03,0.0249,0.0128,0.0376
2016-11-02,0.0217,0.0181,0.0398
2016-11-01,0.0171,0.0199,0.037000000000000005
2016-10-31,0.0122,0.0177,0.0299
2016-10-28,0.0077,0.0137,0.0215
2016-10-27,0.0043,0.0095,0.0138
2016-10-26,0.0019,0.0074,0.0093
2016-10-25,0.0001,0.0026,0.0026
2016-10-24,-0.0006,-0.0015,-0.0021
2016-10-21,-0.0002,-0.0025,-0.0026
2016-10-20,0.0004,-0.0022,-0.0018
2016-10-19,0.001,-0.0011,-0.0001
2016-10-18,0.0013,0.0007,0.002
2016-10-17,0.0011,0.002,0.0031
2016-10-14,0.0006,0.0049,0.0055
2016-10-13,-0.0006,0.0062,0.0055
2016-10-12,-0.0022,0.0076,0.0054
2016-10-11,-0.0041,0.0043,0.0003
2016-10-10,-0.0052,0.0008,-0.0044
2016-10-07,-0.0054,-0.0008,-0.0062
2016-10-06,-0.0051,-0.0024,-0.0076
2016-10-05,-0.0045,-0.0006,-0.0051
2016-10-04,-0.0044,0.0007,-0.0037
2016-10-03,-0.0046,0.0026,-0.002
2016-09-30,-0.0052,0.0031,-0.0021
2016-09-29,-0.006,0.0041,-0.0019
2016-09-28,-0.006999999999999999,0.0048,-0.0022
2016-09-27,-0.0082,0.006,-0.0022
2016-09-26,-0.0097,0.0078,-0.002
2016-09-23,-0.0116,0.0075,-0.0041
2016-09-22,-0.0135,0.0092,-0.0043
2016-09-21,-0.0158,0.0088,-0.006999999999999999
2016-09-20,-0.018000000000000002,0.0072,-0.0109
2016-09-19,-0.0198,0.0075,-0.0123
2016-09-16,-0.0217,0.006999999999999999,-0.0147
2016-09-15,-0.0234,0.0093,-0.0142
2016-09-14,-0.0257,0.012,-0.0137
2016-09-13,-0.0287,0.012,-0.0167
2016-09-12,-0.0318,0.0117,-0.0201
2016-09-09,-0.0347,0.0147,-0.02
2016-09-08,-0.0383,0.0137,-0.0247
2016-09-07,-0.0418,0.0072,-0.0345
2016-09-06,-0.0436,-0.0002,-0.0438
2016-09-02,-0.0435,-0.0075,-0.051
2016-09-01,-0.0416,-0.0085,-0.0501
2016-08-31,-0.0395,-0.0076,-0.0471
2016-08-30,-0.0376,-0.008,-0.0456
2016-08-29,-0.0356,-0.0104,-0.046
2016-08-26,-0.033,-0.0114,-0.0444
2016-08-25,-0.0302,-0.0109,-0.0411
2016-08-24,-0.0274,-0.0049,-0.0323
2016-08-23,-0.0262,0.0025,-0.0237
2016-08-22,-0.0268,0.0076,-0.0193
2016-08-19,-0.0287,0.0093,-0.0194
2016-08-18,-0.0311,0.0088,-0.0222
2016-08-17,-0.0333,0.0097,-0.0236
2016-08-16,-0.0357,0.0078,-0.0279
2016-08-15,-0.0376,0.0036,-0.0341
2016-08-12,-0.0385,0.002,-0.0365
2016-08-11,-0.039,-0.0024,-0.0415
2016-08-10,-0.0384,-0.0058,-0.0442
2016-08-09,-0.037000000000000005,-0.0116,-0.0486
2016-08-08,-0.0341,-0.0154,-0.0495
2016-08-05,-0.0302,-0.0197,-0.0499
2016-08-04,-0.0253,-0.0224,-0.0477
2016-08-03,-0.0197,-0.032,-0.0517
2016-08-02,-0.0117,-0.0369,-0.0486
2016-08-01,-0.0024,-0.0334,-0.0358
2016-07-29,0.0059,-0.03,-0.0241
2016-07-28,0.0134,-0.0301,-0.0167
2016-07-27,0.0209,-0.0277,-0.0067
2016-07-26,0.0279,-0.0271,0.0008
2016-07-25,0.0346,-0.0288,0.0059
2016-07-22,0.0418,-0.0291,0.0127
2016-07-21,0.0491,-0.0287,0.0203
2016-07-20,0.0563,-0.0275,0.0287
2016-07-19,0.0631,-0.0231,0.04
2016-07-18,0.0689,-0.0135,0.0554
2016-07-15,0.0723,-0.0121,0.0602
2016-07-14,0.0753,-0.0124,0.0629
2016-07-13,0.0784,-0.0124,0.066
2016-07-12,0.0815,-0.0131,0.0685
2016-07-11,0.0848,-0.0132,0.0716
2016-07-08,0.0881,-0.015,0.0731
2016-07-07,0.0918,-0.017,0.0748
2016-07-06,0.0961,-0.014,0.08199999999999999
2016-07-05,0.0996,-0.013,0.0866
2016-07-01,0.1028,-0.0088,0.0941
2016-06-30,0.105,-0.0061,0.099
2016-06-29,0.1065,-0.005,0.1015
2016-06-28,0.1078,-0.0019,0.1059
2016-06-27,0.1083,-0.0003,0.108
2016-06-24,0.1083,-0.0013,0.107
2016-06-23,0.1087,-0.0065,0.1022
2016-06-22,0.1103,0.0013,0.1116
2016-06-21,0.11,0.017,0.127
2016-06-20,0.1057,0.0355,0.1412
2016-06-17,0.0968,0.045,0.1419
2016-06-16,0.0856,0.0401,0.1256
2016-06-15,0.0756,0.0335,0.1091
2016-06-14,0.0672,0.0332,0.1004
2016-06-13,0.0589,0.0314,0.0903
2016-06-10,0.051,0.0226,0.0736
2016-06-09,0.0454,0.0279,0.0733
2016-06-08,0.0384,0.0284,0.0668
2016-06-07,0.0313,0.0242,0.0555
2016-06-06,0.0253,0.021,0.0463
2016-06-03,0.02,0.0144,0.0344
2016-06-02,0.0164,0.0073,0.0237
2016-06-01,0.0146,0.0056,0.0202
2016-05-31,0.0132,0.0024,0.0156
2016-05-27,0.0126,-0.0034,0.0092
2016-05-26,0.0134,-0.0065,0.006999999999999999
2016-05-25,0.0151,-0.009000000000000001,0.006
2016-05-24,0.0173,-0.0115,0.0058
2016-05-23,0.0202,-0.0158,0.0044
2016-05-20,0.0241,-0.0176,0.0066
2016-05-19,0.0285,-0.0182,0.0103
2016-05-18,0.0331,-0.0152,0.0178
2016-05-17,0.0369,-0.0122,0.0247
2016-05-16,0.0399,-0.0113,0.0286
2016-05-13,0.0428,-0.0056,0.0372
2016-05-12,0.0442,-0.0037,0.0405
2016-05-11,0.0451,-0.0014,0.0437
2016-05-10,0.0455,0.0007,0.0462
2016-05-09,0.0453,0.0034,0.0487
2016-05-06,0.0444,0.0044,0.0488
2016-05-05,0.0433,0.0059,0.0492
2016-05-04,0.0418,0.0083,0.0502
2016-05-03,0.0398,0.0097,0.0494
2016-05-02,0.0374,0.0106,0.048
2016-04-29,0.0347,0.0107,0.0454
2016-04-28,0.032,0.0125,0.0445
2016-04-27,0.0289,0.0159,0.0448
2016-04-26,0.0249,0.0173,0.0422
2016-04-25,0.0206,0.016,0.0366
2016-04-22,0.0166,0.012,0.0286
2016-04-21,0.0136,0.0074,0.021
2016-04-20,0.0117,0.0045,0.0162
2016-04-19,0.0106,0.0024,0.013
2016-04-18,0.01,0.0018,0.0118
2016-04-15,0.0096,0.0006,0.0102
2016-04-14,0.0094,-0.0006,0.0088
2016-04-13,0.0096,-0.0002,0.0094
2016-04-12,0.0096,0.0011,0.0108
2016-04-11,0.0093,0.0013,0.0107
2016-04-08,0.009000000000000001,0.0024,0.0114
2016-04-07,0.0084,0.0015,0.0099
2016-04-06,0.0081,0.0027,0.0108
2016-04-05,0.0074,0.0023,0.0097
2016-04-04,0.0068,0.0009,0.0077
2016-04-01,0.0066,-0.0006,0.0059
2016-03-31,0.0067,-0.0009,0.0058
2016-03-30,0.0069,-0.001,0.0059
2016-03-29,0.0072,-0.0013,0.0058
2016-03-28,0.0075,-0.0019,0.0056
2016-03-24,0.008,-0.0027,0.0054
2016-03-23,0.0087,-0.0023,0.0064
2016-03-22,0.0092,-0.0026,0.0066
2016-03-21,0.0099,-0.003,0.0068
2016-03-18,0.0106,-0.0028,0.0078
2016-03-17,0.0114,-0.0022,0.0091
2016-03-16,0.0119,-0.0023,0.0096
2016-03-15,0.0125,-0.0023,0.0102
2016-03-14,0.0131,-0.0016,0.0115
2016-03-11,0.0135,0.0007,0.0142
2016-03-10,0.0133,0.0011,0.0144
2016-03-09,0.013,0.0006,0.0136
2016-03-08,0.0129,0.0015,0.0144
2016-03-07,0.0125,0.0026,0.0151
2016-03-04,0.0119,0.0043,0.0162
2016-03-03,0.0108,0.0082,0.019
2016-03-02,0.0087,0.0118,0.0205
2016-03-01,0.0058,0.0127,0.0184
2016-02-29,0.0026,0.0136,0.0162
2016-02-26,-0.0008,0.0146,0.0139
2016-02-25,-0.0044,0.0152,0.0107
2016-02-24,-0.0082,0.0158,0.0076
2016-02-23,-0.0122,0.0164,0.0042
2016-02-22,-0.0162,0.0178,0.0016
2016-02-19,-0.0207,0.0163,-0.0044
2016-02-18,-0.0248,0.0153,-0.0095
2016-02-17,-0.0286,0.0113,-0.0173
2016-02-16,-0.0314,0.0065,-0.0249
2016-02-12,-0.033,0.0018,-0.0312
2016-02-11,-0.0335,0.0005,-0.0329
2016-02-10,-0.0336,-0.0009,-0.0345
2016-02-09,-0.0334,-0.0037,-0.0371
2016-02-08,-0.0325,-0.0054,-0.0378
2016-02-05,-0.0311,-0.0065,-0.0376
2016-02-04,-0.0295,-0.0082,-0.0377
2016-02-03,-0.0274,-0.0115,-0.0389
2016-02-02,-0.0246,-0.0125,-0.037000000000000005
2016-02-01,-0.0214,-0.0138,-0.0352
2016-01-29,-0.018000000000000002,-0.0153,-0.0333
2016-01-28,-0.0142,-0.0161,-0.0302
2016-01-27,-0.0102,-0.0167,-0.0269
2016-01-26,-0.006,-0.0175,-0.0235
2016-01-25,-0.0016,-0.0185,-0.0201
2016-01-22,0.003,-0.0206,-0.0175
2016-01-21,0.0082,-0.0221,-0.014
2016-01-20,0.0137,-0.0259,-0.0122
2016-01-19,0.0202,-0.0276,-0.0074
2016-01-15,0.0271,-0.021,0.0061
2016-01-14,0.0324,-0.0138,0.0186
2016-01-13,0.0358,-0.014,0.0219
2016-01-12,0.0393,-0.0105,0.0288
2016-01-11,0.0419,-0.0051,0.0368
2016-01-08,0.0432,-0.0037,0.0395
2016-01-07,0.0441,-0.0035,0.0406
2016-01-06,0.045,-0.0032,0.0417
2016-01-05,0.0458,-0.0035,0.0423
2016-01-04,0.0467,-0.0041,0.0426
2015-12-31,0.0477,-0.0045,0.0431
2015-12-30,0.0488,-0.0046,0.0442
2015-12-29,0.05,-0.005,0.0449
2015-12-28,0.0512,-0.0047,0.0465
2015-12-24,0.0524,-0.0019,0.0505
2015-12-23,0.0529,-0.0019,0.051
2015-12-22,0.0533,0.0004,0.0538
2015-12-21,0.0532,0.0039,0.0572
2015-12-18,0.0522,0.0079,0.0601
2015-12-17,0.0503,0.0106,0.0609
2015-12-16,0.0476,0.0135,0.0611
2015-12-15,0.0443,0.015,0.0592
2015-12-14,0.0405,0.0137,0.0542
2015-12-11,0.0371,0.0134,0.0505
2015-12-10,0.0337,0.0097,0.0434
2015-12-09,0.0313,0.0075,0.0389
2015-12-08,0.0294,0.0058,0.0352
2015-12-07,0.028,0.002,0.03
2015-12-04,0.0275,-0.0021,0.0254
2015-12-03,0.028,-0.0021,0.0259
2015-12-02,0.0285,-0.0014,0.0272
2015-12-01,0.0289,-0.002,0.0269
2015-11-30,0.0294,-0.0039,0.0255
2015-11-27,0.0303,-0.0048,0.0255
2015-11-25,0.0316,-0.0083,0.0232
2015-11-24,0.0336,-0.0087,0.0249
2015-11-23,0.0358,-0.0056,0.0302
2015-11-20,0.0372,-0.0032,0.034
2015-11-19,0.038,-0.0011,0.0369
2015-11-18,0.0383,-0.0007,0.0376
2015-11-17,0.0385,0.0006,0.0391
2015-11-16,0.0383,0.0039,0.0423
2015-11-13,0.0374,0.0056,0.0429
2015-11-12,0.036000000000000004,0.006,0.042
2015-11-11,0.0345,0.0066,0.0411
2015-11-10,0.0328,0.0124,0.0452
2015-11-09,0.0297,0.0172,0.0469
2015-11-06,0.0254,0.0231,0.0485
2015-11-05,0.0196,0.0264,0.046
2015-11-04,0.013,0.0238,0.0369
2015-11-03,0.0071,0.0146,0.0217
2015-11-02,0.0034,0.0106,0.014
2015-10-30,0.0008,0.0063,0.006999999999999999
2015-10-29,-0.0008,0.0039,0.0031
2015-10-28,-0.0018,0.0017,-0.0001
2015-10-27,-0.0022,0.0012,-0.001
2015-10-26,-0.0025,0.001,-0.0015
2015-10-23,-0.0027,0.0006,-0.0022
2015-10-22,-0.0029,0.0001,-0.0027
2015-10-21,-0.0029,0.0003,-0.0027
2015-10-20,-0.003,0.0005,-0.0025
2015-10-19,-0.0031,0.0,-0.0031
2015-10-16,-0.0031,-0.0001,-0.0031
2015-10-15,-0.0031,-0.0017,-0.0048
2015-10-14,-0.0027,-0.0019,-0.0046
2015-10-13,-0.0022,-0.0018,-0.0039
2015-10-12,-0.0017,-0.0018,-0.0036
2015-10-09,-0.0013,-0.0018,-0.0031
2015-10-08,-0.0008,-0.0016,-0.0024
2015-10-07,-0.0004,-0.001,-0.0015
2015-10-06,-0.0002,-0.0011,-0.0013
2015-10-05,0.0001,-0.0012,-0.0011
2015-10-02,0.0004,-0.0016,-0.0012
2015-10-01,0.0008,-0.0011,-0.0003
2015-09-30,0.0011,-0.0005,0.0006
2015-09-29,0.0012,0.0001,0.0013
2015-09-28,0.0012,-0.0001,0.0011
2015-09-25,0.0012,-0.0002,0.001
2015-09-24,0.0013,0.0006,0.0018
2015-09-23,0.0011,0.0013,0.0024
2015-09-22,0.0008,0.0018,0.0026
2015-09-21,0.0004,0.002,0.0023
2015-09-18,-0.0001,0.0026,0.0024
2015-09-17,-0.0008,0.0028,0.002
2015-09-16,-0.0015,0.004,0.0025
2015-09-15,-0.0025,0.005,0.0025
2015-09-14,-0.0037,0.0053,0.0016
2015-09-11,-0.0051,0.0059,0.0008
2015-09-10,-0.0065,0.0059,-0.0007
2015-09-09,-0.008,0.0055,-0.0025
2015-09-08,-0.0094,0.005,-0.0043
2015-09-04,-0.0107,0.0036,-0.006999999999999999
2015-09-03,-0.0116,0.0021,-0.0094
2015-09-02,-0.0121,-0.0001,-0.0122
2015-09-01,-0.0121,-0.0022,-0.0142
2015-08-31,-0.0115,-0.0036,-0.0151
2015-08-28,-0.0106,-0.0055,-0.0161
2015-08-27,-0.0092,-0.0068,-0.016
2015-08-26,-0.0075,-0.006999999999999999,-0.0145
2015-08-25,-0.0058,-0.0059,-0.0117
2015-08-24,-0.0043,-0.0046,-0.0089
2015-08-21,-0.0032,-0.002,-0.0051
2015-08-20,-0.0027,-0.0006,-0.0032
2015-08-19,-0.0025,-0.0003,-0.0028
2015-08-18,-0.0024,-0.0001,-0.0026
2015-08-17,-0.0024,0.0001,-0.0023
2015-08-14,-0.0024,0.0005,-0.002
2015-08-13,-0.0025,0.0005,-0.002
2015-08-12,-0.0027,0.0002,-0.0025
2015-08-11,-0.0027,0.0006,-0.0021
2015-08-10,-0.0029,0.0003,-0.0026
2015-08-07,-0.0029,0.0003,-0.0026
2015-08-06,-0.003,0.0004,-0.0026
2015-08-05,-0.0031,0.0002,-0.0029
2015-08-04,-0.0032,0.0007,-0.0024
2015-08-03,-0.0033,0.001,-0.0023
2015-07-31,-0.0036,0.0013,-0.0023
2015-07-30,-0.0039,0.0017,-0.0022
2015-07-29,-0.0044,0.0019,-0.0024
2015-07-28,-0.0049,0.0022,-0.0027
2015-07-27,-0.0054,0.0024,-0.003
2015-07-24,-0.006,0.0027,-0.0033
2015-07-23,-0.0067,0.0029,-0.0038
2015-07-22,-0.0074,0.0032,-0.0042
2015-07-21,-0.0082,0.0034,-0.0048
2015-07-20,-0.009000000000000001,0.0038,-0.0053
2015-07-17,-0.01,0.0045,-0.0055
2015-07-16,-0.0111,0.005,-0.0061
2015-07-15,-0.0124,0.0055,-0.0068
2015-07-14,-0.0137,0.0061,-0.0077
2015-07-13,-0.0153,0.0066,-0.0086
2015-07-10,-0.0169,0.0074,-0.0095
2015-07-09,-0.0188,0.008,-0.0108
2015-07-08,-0.0208,0.0086,-0.0121
2015-07-07,-0.0229,0.0091,-0.0138
2015-07-06,-0.0252,0.0095,-0.0157
2015-07-02,-0.0275,0.0097,-0.0178
2015-07-01,-0.03,0.0099,-0.0201
2015-06-30,-0.0325,0.0097,-0.0228
2015-06-29,-0.0349,0.0093,-0.0256
2015-06-26,-0.0372,0.0094,-0.0278
2015-06-25,-0.0395,0.0094,-0.0301
2015-06-24,-0.0419,0.0098,-0.0321
2015-06-23,-0.0443,0.0101,-0.0343
2015-06-22,-0.0469,0.0109,-0.036000000000000004
2015-06-19,-0.0496,0.0114,-0.0382
2015-06-18,-0.0119,0.0032,-0.0087
2015-06-17,-0.0135,0.0035,-0.01
2015-06-16,-0.0153,0.0038,-0.0114
2015-06-15,-0.0172,0.0042,-0.013
2015-06-12,-0.0193,0.0045,-0.0148
2015-06-11,-0.0215,0.0049,-0.0166
2015-06-10,-0.024,0.0052,-0.0188
2015-06-09,-0.0266,0.0051,-0.0215
2015-06-08,-0.0291,0.0053,-0.0238
2015-06-05,-0.0317,0.0051,-0.0266
2015-06-04,-0.0343,0.0049,-0.0293
2015-06-03,-0.0367,0.0049,-0.0318
2015-06-02,-0.0392,0.006,-0.0332
2015-06-01,-0.0422,0.0085,-0.0337
2015-05-29,-0.0465,0.0108,-0.0357
2015-05-28,-0.0519,0.01,-0.0419
2015-05-27,-0.0568,0.0076,-0.0492
