date,MACD,MACD_Hist,MACD_Signal
2021-01-22,-5.9173,-3.9682,-1.9491
2021-01-21,-5.8719,-4.9149,-0.957
2021-01-20,-5.192,-5.4637,0.2717
2021-01-19,-4.6804,-6.318,1.6376
2021-01-15,-2.7945,-6.0116,3.2171
2021-01-14,-0.5167,-5.2368,4.72
2021-01-13,0.9736,-5.0557,6.0292
2021-01-12,2.6009,-4.6922,7.2931
2021-01-11,4.1056,-4.3606,8.4662
2021-01-08,5.3188,-4.2375,9.5564
2021-01-07,5.3676,-5.2481,10.6157
2021-01-06,6.3079,-5.6199,11.9278
2021-01-05,9.2337,-4.099,13.3327
2021-01-04,11.5112,-2.8463,14.3575
2020-12-31,14.1642,-0.9049,15.069
2020-12-30,14.8476,-0.4476,15.2953
2020-12-29,15.946,0.5388,15.4072
2020-12-28,17.1485,1.876,15.2725
2020-12-24,16.8047,2.0013,14.8035
2020-12-23,16.2703,1.9671,14.3032
2020-12-22,15.1234,1.3119999999999998,13.8114
2020-12-21,13.3621,-0.1213,13.4834
2020-12-18,12.9093,-0.6044,13.5137
2020-12-17,12.729000000000001,-0.9358,13.6648
2020-12-16,12.1142,-1.7845,13.8987
2020-12-15,13.038,-1.3069,14.3449
2020-12-14,13.8227,-0.8489,14.6716
2020-12-11,14.554,-0.3298,14.8838
2020-12-10,15.4885,0.5223,14.9662
2020-12-09,16.1404,1.3047,14.8357
2020-12-08,17.2803,2.7708,14.5095
2020-12-07,16.6156,2.7988,13.8168
2020-12-04,15.8319,2.7148,13.1171
2020-12-03,14.5861,2.1477,12.4384
2020-12-02,13.6666,1.7652,11.9015
2020-12-01,13.1984,1.7382,11.4602
2020-11-30,12.8048,1.7792,11.0256
2020-11-27,11.9767,1.3959,10.5808
2020-11-25,10.7772,0.5453,10.2319
2020-11-24,10.0668,-0.0287,10.0955
2020-11-23,9.6948,-0.4079,10.1027
2020-11-20,8.8744,-1.3303,10.2047
2020-11-19,8.6939,-1.8434,10.5373
2020-11-18,8.3442,-2.6539,10.9981
2020-11-17,9.036,-2.6256,11.6616
2020-11-16,9.646,-2.6719,12.318
2020-11-13,10.5216,-2.4644,12.985999999999999
2020-11-12,11.2427,-2.3593,13.6021
2020-11-11,12.1768,-2.0151,14.1919
2020-11-10,13.0412,-1.6545,14.6957
2020-11-09,14.3396,-0.7697,15.1093
2020-11-06,13.0016,-2.3001,15.3017
2020-11-05,12.8284,-3.0483,15.8768
2020-11-04,13.9338,-2.705,16.6388
2020-11-03,12.6811,-4.6339999999999995,17.3151
2020-11-02,13.7782,-4.6954,18.4736
2020-10-30,15.8476,-3.7999,19.6474
2020-10-29,17.903,-2.6944,20.5974
2020-10-28,19.3497,-1.9213,21.271
2020-10-27,21.0716,-0.6798,21.7513
2020-10-26,21.8275,-0.0937,21.9213
2020-10-23,22.9107,0.966,21.9447
2020-10-22,22.9183,1.2151,21.7032
2020-10-21,23.7473,2.3479,21.3994
2020-10-20,24.5883,3.7759,20.8124
2020-10-19,24.4274,4.559,19.8684
2020-10-16,24.0256,5.2969,18.7287
2020-10-15,23.2976,5.8931,17.4045
2020-10-14,22.6293,6.6981,15.9312
2020-10-13,21.7496,7.4929,14.2567
2020-10-12,20.2248,7.8414,12.3834
2020-10-09,18.6911,8.267999999999999,10.4231
2020-10-08,16.5471,8.1911,8.3561
2020-10-07,14.2288,7.9205,6.3083
2020-10-06,11.8468,7.5186,4.3282
2020-10-05,9.9119,7.4634,2.4486
2020-10-02,6.9327,6.35,0.5827
2020-10-01,4.1839,5.1886,-1.0048
2020-09-30,1.7437,4.0456,-2.3019
2020-09-29,-0.4657,2.8477,-3.3133
2020-09-28,-2.5182,1.507,-4.0252
2020-09-25,-3.7777,0.6243,-4.402
2020-09-24,-4.6044,-0.0464,-4.558
2020-09-23,-4.5449,0.0016,-4.5464
2020-09-22,-4.6187,-0.0718,-4.5468
2020-09-21,-5.1089,-0.5801,-4.5289
2020-09-18,-5.0739,-0.6901,-4.3839
2020-09-17,-4.8923,-0.6809,-4.2113
2020-09-16,-5.1218,-1.0807,-4.0411
2020-09-15,-5.5052,-1.7342,-3.7709
2020-09-14,-5.8676,-2.5302,-3.3374
2020-09-11,-5.4863,-2.7814,-2.7048
2020-09-10,-4.1918,-2.1823,-2.0095
2020-09-09,-3.4968,-2.0329,-1.4639
2020-09-08,-3.0353,-2.0796,-0.9557
2020-09-04,-1.6223,-1.1865,-0.4358
2020-09-03,0.3841,0.5233,-0.1392
2020-09-02,1.5903,1.8603,-0.27
2020-09-01,0.938,1.673,-0.735
2020-08-31,-0.1343,1.0190000000000001,-1.1533
2020-08-28,-0.6803,0.7277,-1.4081
2020-08-27,-1.406,0.184,-1.59
2020-08-26,-1.6154,0.0206,-1.636
2020-08-25,-2.1483,-0.5072,-1.6411
2020-08-24,-1.9247,-0.4103,-1.5143
2020-08-21,-1.3221,0.0897,-1.4118
2020-08-20,-0.8167,0.6174,-1.4342
2020-08-19,-0.7932,0.7953,-1.5885
2020-08-18,-0.7078,1.0795,-1.7874
2020-08-17,-0.5183,1.5389,-2.0572
2020-08-14,-0.9552,1.4868,-2.4419999999999997
2020-08-13,-1.9081,0.9056,-2.8137
2020-08-12,-2.9756,0.0645,-3.0401
2020-08-11,-2.8509,0.2053,-3.0562
2020-08-10,-2.4253,0.6822,-3.1075
2020-08-07,-2.249,1.0290000000000001,-3.2781
2020-08-06,-2.7264,0.8089,-3.5353
2020-08-05,-3.4998,0.2378,-3.7376
2020-08-04,-4.7811,-0.9840000000000001,-3.7969999999999997
2020-08-03,-4.6618,-1.1108,-3.551
2020-07-31,-4.7045,-1.4312,-3.2733
2020-07-30,-4.3129,-1.3974,-2.9155
2020-07-29,-3.9701,-1.4040000000000001,-2.5661
2020-07-28,-4.2783,-2.0631,-2.2151
2020-07-27,-3.8325,-2.1331,-1.6994
2020-07-24,-3.5641,-2.3981,-1.1661
2020-07-23,-2.8317,-2.2652,-0.5666
2020-07-22,-2.2864,-2.2861,-0.0003
2020-07-21,-2.2556,-2.8269,0.5713
2020-07-20,-1.7599,-3.0379,1.278
2020-07-17,-2.0078,-4.0453,2.0375
2020-07-16,-1.508,-4.5567,3.0488
2020-07-15,-0.3624,-4.5503,4.1879
2020-07-14,0.7090000000000001,-4.6165,5.3255
2020-07-13,2.8553,-3.6243,6.4796
2020-07-10,5.1653,-2.2205,7.3857
2020-07-09,6.1294,-1.8115,7.9409
2020-07-08,6.7607,-1.633,8.3937
2020-07-07,6.9458,-1.8561,8.802
2020-07-06,7.6319,-1.6341,9.266
2020-07-02,7.6147,-2.0599,9.6745
2020-07-01,7.4727,-2.7168,10.1895
2020-06-30,7.3091,-3.5596,10.8687
2020-06-29,8.066,-3.6926,11.7586
2020-06-26,9.8689,-2.8128,12.6817
2020-06-25,11.4146,-1.9704,13.3849
2020-06-24,12.1349,-1.7426,13.8775
2020-06-23,13.333,-0.9801,14.3132
2020-06-22,12.9303,-1.6279,14.5582
2020-06-19,12.9388,-2.0264,14.9652
2020-06-18,13.2197,-2.2521,15.4718
2020-06-17,13.5753,-2.4595,16.0348
2020-06-16,14.5729,-2.0767,16.6497
2020-06-15,15.2658,-1.9031,17.1688
2020-06-12,16.4289,-1.2157,17.6446
2020-06-11,18.1756,0.22699999999999998,17.9485
2020-06-10,20.8654,2.9737,17.8918
2020-06-09,20.3481,3.1997,17.1484
2020-06-08,19.7889,3.4405,16.3484
2020-06-05,18.4391,2.9508,15.4883
2020-06-04,16.5744,1.8237,14.7506
2020-06-03,16.6625,2.3678,14.2947
2020-06-02,16.1448,2.4419999999999997,13.7027
2020-06-01,15.2633,2.1711,13.0922
2020-05-29,14.0416,1.4921,12.5495
2020-05-28,13.1311,0.9547,12.1764
2020-05-27,12.7982,0.8605,11.9378
2020-05-26,12.2025,0.4799,11.7227
2020-05-22,11.953,0.3503,11.6027
2020-05-21,12.5755,1.0604,11.5151
2020-05-20,12.6852,1.4351,11.25
2020-05-19,12.7231,1.8319,10.8913
2020-05-18,11.9532,1.5199,10.4333
2020-05-15,10.368,0.3146,10.0533
2020-05-14,10.4562,0.4816,9.9747
2020-05-13,11.3199,1.4657,9.8543
2020-05-12,13.2249,3.7371,9.4878
2020-05-11,13.4135,4.8599,8.5536
2020-05-08,12.3552,5.0167,7.3386
2020-05-07,11.055,4.9706,6.0844
2020-05-06,9.5614,4.7196,4.8418
2020-05-05,8.9191,5.2572,3.6619
2020-05-04,7.7719,5.4243,2.3476
2020-05-01,7.0968,6.1053,0.9915
2020-04-30,6.7896,7.3244,-0.5348
2020-04-29,4.3276,6.6935,-2.3659
2020-04-28,0.2079,4.2472,-4.0393
2020-04-27,-1.6618,3.4393,-5.1011
2020-04-24,-2.9458,3.0151,-5.9609
2020-04-23,-3.0858,3.6289,-6.7147
2020-04-22,-3.2063,4.4156,-7.6219
2020-04-21,-3.9316,4.7942,-8.7258
2020-04-20,-3.8288,6.0956,-9.9244
2020-04-17,-5.0836,6.3646,-11.4482
2020-04-16,-6.8791,6.1603,-13.0394
2020-04-15,-7.2094,7.3701,-14.5795
2020-04-14,-9.531,6.891,-16.422
2020-04-13,-12.5704,5.5744,-18.1448
2020-04-09,-15.0288,4.5095,-19.5383
2020-04-08,-18.5223,2.1434,-20.6657
2020-04-07,-20.7355,0.466,-21.2016
2020-04-06,-21.5727,-0.2546,-21.3181
2020-04-03,-21.9029,-0.6485,-21.2544
2020-04-02,-20.2912,0.8011,-21.0923
2020-04-01,-19.5934,1.6992,-21.2926
2020-03-31,-19.047,2.6704,-21.7174
2020-03-30,-19.5561,2.8289,-22.385
2020-03-27,-21.0526,2.0396,-23.0922
2020-03-26,-22.2308,1.3713,-23.6021
2020-03-25,-25.4752,-1.5303,-23.945
2020-03-24,-27.3559,-3.7935,-23.5624
2020-03-23,-28.4391,-5.8251,-22.614
2020-03-20,-27.0987,-5.9409,-21.1577
2020-03-19,-26.4059,-6.7334,-19.6725
2020-03-18,-25.6202,-7.631,-17.9892
2020-03-17,-23.7193,-7.6379,-16.0814
2020-03-16,-23.4283,-9.2564,-14.1719
2020-03-13,-20.631,-8.7731,-11.8578
2020-03-12,-19.8506,-10.186,-9.6645
2020-03-11,-15.0388,-7.9208,-7.117999999999999
2020-03-10,-11.6007,-6.4629,-5.1378
2020-03-09,-8.9579,-5.4358,-3.5221
2020-03-06,-5.5928,-3.4297,-2.1632
2020-03-05,-3.9523,-2.6466,-1.3058
2020-03-04,-3.2824,-2.6383,-0.6441
2020-03-03,-3.5434,-3.5588,0.0154
2020-03-02,-2.6652,-3.5703,0.9051
2020-02-28,-2.4891,-4.2869,1.7977
2020-02-27,-1.2803,-4.1497,2.8694
2020-02-26,0.4126,-3.4943,3.9069
2020-02-25,1.4921,-3.2883,4.7804
2020-02-24,3.1548,-2.4477,5.6025
2020-02-21,4.5326,-1.6819,6.2145
2020-02-20,5.7548,-0.8801,6.6349
2020-02-19,6.2191,-0.6359,6.855
2020-02-18,5.2804,-1.7335,7.0139
2020-02-14,4.6491,-2.7982,7.4473
2020-02-13,4.1554,-3.9915,8.1469
2020-02-12,4.5991,-4.5457,9.1447
2020-02-11,5.8041,-4.4771,10.2811
2020-02-10,7.4206,-3.9798,11.4004
2020-02-07,9.047,-3.3483,12.3954
2020-02-06,11.4455,-1.787,13.2325
2020-02-05,14.6274,0.9482,13.6792
2020-02-04,15.2392,1.7971,13.4422
2020-02-03,14.2467,1.2538,12.9929
2020-01-31,14.2256,1.5461,12.6794
2020-01-30,14.5324,2.2394,12.2929
2020-01-29,13.953,2.2199,11.7331
2020-01-28,13.374,2.1959999999999997,11.1781
2020-01-27,12.7928,2.1638,10.6291
2020-01-24,12.482000000000001,2.3938,10.0881
2020-01-23,11.6715,2.1818,9.4897
2020-01-22,10.4632,1.5190000000000001,8.9442
2020-01-21,9.9468,1.3823,8.5645
2020-01-17,9.4994,1.2805,8.2189
2020-01-16,9.1506,1.2518,7.8988
2020-01-15,8.7688,1.183,7.5858
2020-01-14,8.6854,1.3953,7.2901
2020-01-13,8.7154,1.7741,6.9412
2020-01-10,7.7186,1.2209,6.4977
2020-01-09,7.3370000000000015,1.1445,6.1925
2020-01-08,6.7728,0.8664,5.9064
2020-01-07,6.175,0.4852,5.6898
2020-01-06,5.6918,0.1234,5.5685
2020-01-03,5.1349,-0.4027,5.5376
2020-01-02,4.8971,-0.7412,5.6383
2019-12-31,4.6151,-1.2085,5.8236
2019-12-30,4.9048,-1.2209,6.1257
2019-12-27,5.4414,-0.9895,6.431
2019-12-26,5.3885,-1.2899,6.6784
2019-12-24,5.2598,-1.7409999999999999,7.0008
2019-12-23,5.4345,-2.0015,7.4361
2019-12-20,5.5398,-2.3967,7.9365
2019-12-19,5.7442,-2.7914,8.5356
2019-12-18,6.1028,-3.1306,9.2335
2019-12-17,6.7182,-3.2979,10.0161
2019-12-16,7.6941,-3.1465,10.8406
2019-12-13,8.5253,-3.1019,11.6272
2019-12-12,9.7158,-2.6869,12.4027
2019-12-11,11.3495,-1.7249,13.0745
2019-12-10,12.4969,-1.0088,13.5057
2019-12-09,13.4303,-0.3275,13.7579
2019-12-06,14.0904,0.2506,13.8398
2019-12-05,14.7289,0.9518,13.7771
2019-12-04,15.3562,1.8171,13.5391
2019-12-03,15.7929,2.708,13.0849
2019-12-02,16.0677,3.6598,12.4079
2019-11-29,16.3262,4.8332,11.4929
2019-11-27,15.6275,5.3429,10.2846
2019-11-26,14.2183,5.2694,8.9489
2019-11-25,12.7789,5.1473,7.6315
2019-11-22,11.4543,5.1096,6.3447
2019-11-21,9.9971,4.9298,5.0673
2019-11-20,8.1803,4.3454,3.8348
2019-11-19,5.7962,3.0478,2.7485
2019-11-18,4.8521,2.8655,1.9866
2019-11-15,4.007,2.7368,1.2702
2019-11-14,3.1257,2.5398,0.586
2019-11-13,2.154,2.2030000000000003,-0.049
2019-11-12,1.308,1.9077,-0.5997
2019-11-11,0.6795,1.7561,-1.0766
2019-11-08,0.0548,1.5704,-1.5157
2019-11-07,-0.5662,1.3419999999999999,-1.9083
2019-11-06,-0.7987,1.445,-2.2438
2019-11-05,-1.1409,1.4641,-2.605
2019-11-04,-1.4837,1.4874,-2.9711
2019-11-01,-1.8232,1.5197,-3.3429
2019-10-31,-2.4602,1.2627,-3.7228
2019-10-30,-2.9543,1.0841,-4.0385
2019-10-29,-3.6918,0.6178,-4.3095
2019-10-28,-4.1883,0.2756,-4.4639999999999995
2019-10-25,-4.753,-0.2202,-4.5329
2019-10-24,-5.4648,-0.9869,-4.4778
2019-10-23,-5.6655,-1.4344,-4.2311
2019-10-22,-4.9341,-1.0616,-3.8725
2019-10-21,-3.5205,0.0866,-3.6071
2019-10-18,-3.2361,0.3927,-3.6288
2019-10-17,-2.5155,1.2114,-3.7269
2019-10-16,-2.2932,1.7365,-4.0298
2019-10-15,-2.1717,2.2922,-4.4639
2019-10-14,-2.878,2.1590000000000003,-5.037
2019-10-11,-3.6887,1.8881,-5.5767
2019-10-10,-4.6321,1.4167,-6.0488
2019-10-09,-5.1732,1.2297,-6.4029
2019-10-08,-5.9037,0.8067,-6.7104
2019-10-07,-5.9651,0.9469,-6.912000000000001
2019-10-04,-6.638999999999999,0.5097,-7.1487
2019-10-03,-7.4015,-0.1253,-7.2762
2019-10-02,-7.7417,-0.4969,-7.2448
2019-10-01,-7.5991,-0.4784,-7.1206
2019-09-30,-7.6496,-0.6485,-7.001
2019-09-27,-7.7606,-0.9217,-6.8389
2019-09-26,-7.4748,-0.8663,-6.6085
2019-09-25,-7.602,-1.2101,-6.3919
2019-09-24,-7.5478,-1.4585,-6.0894
2019-09-23,-7.1317,-1.4069999999999998,-5.7247
2019-09-20,-7.3634,-1.9904,-5.3729999999999976
2019-09-19,-7.4013,-2.5259,-4.8754
2019-09-18,-7.6841,-3.4402,-4.2439
2019-09-17,-7.6024,-4.2185,-3.3839
2019-09-16,-7.3264,-4.9972,-2.3292
2019-09-13,-6.442,-5.3621,-1.0799
2019-09-12,-5.0535,-5.3141,0.2606
2019-09-11,-3.498,-5.0871,1.5891
2019-09-10,-0.8701,-3.7310000000000003,2.8609
2019-09-09,2.0262,-1.7674,3.7936
2019-09-06,3.9219999999999997,-0.3135,4.2355
2019-09-05,4.1565,-0.1573,4.3138
2019-09-04,4.0829,-0.2703,4.3532
2019-09-03,4.4193,-0.0015,4.4207
2019-08-30,5.1519,0.7308,4.4211
2019-08-29,5.4164,1.178,4.2384
2019-08-28,5.27,1.3259999999999998,3.9439
2019-08-27,5.095,1.4826,3.6124
2019-08-26,4.6072,1.3655,3.2418
2019-08-23,4.164,1.2636,2.9004
2019-08-22,3.9216,1.3371,2.5845
2019-08-21,3.5866,1.3364,2.2502
2019-08-20,2.7710000000000004,0.8549,1.9161
2019-08-19,2.1916,0.4892,1.7024
2019-08-16,1.7572,0.1771,1.5801
2019-08-15,1.4053,-0.1305,1.5358
2019-08-14,1.5751,0.0067,1.5684
2019-08-13,2.0581,0.4914,1.5667
2019-08-12,1.4962,0.0523,1.4439
2019-08-09,1.2285,-0.2023,1.4308
2019-08-08,0.6991,-0.7823,1.4814
2019-08-07,0.0283,-1.6486,1.6769999999999998
2019-08-06,0.1157,-1.9734,2.0891
2019-08-05,0.8253,-1.7572,2.5825
2019-08-02,2.1404,-0.8814,3.0218
2019-08-01,2.225,-1.0172,3.2421
2019-07-31,2.1621,-1.3343,3.4964
2019-07-30,1.7581,-2.0719,3.83
2019-07-29,2.4521,-1.8959,4.348
2019-07-26,3.2013,-1.6207,4.822
2019-07-25,3.5418,-1.6853,5.2271
2019-07-24,3.9331,-1.7154,5.6485
2019-07-23,4.3743,-1.703,6.0773
2019-07-22,5.2037,-1.2994,6.5031
2019-07-19,5.9789,-0.8491,6.8279
2019-07-18,6.9954,-0.0448,7.0402
2019-07-17,7.2503,0.1988,7.0514
2019-07-16,7.4335,0.4318,7.0017
2019-07-15,7.8076,0.9139,6.8938
2019-07-12,7.8244,1.1591,6.6653
2019-07-11,7.7056,1.3301,6.3755
2019-07-10,7.4184,1.3754,6.0429999999999975
2019-07-09,6.8828,1.1837,5.6992
2019-07-08,6.5624,1.1592,5.4032
2019-07-05,6.1456,1.0321,5.1135
2019-07-03,5.4997,0.6442,4.8554
2019-07-02,4.9578,0.2634,4.6944
2019-07-01,4.4811,-0.1474,4.6285
2019-06-28,4.4104,-0.255,4.6654
2019-06-27,4.2844,-0.4448,4.7291
2019-06-26,4.2812,-0.5591,4.8403
2019-06-25,5.0029,0.0228,4.9801
2019-06-24,5.6955,0.7211,4.9744
2019-06-21,5.7433,0.9491,4.7941
2019-06-20,5.4661,0.9093,4.5568
2019-06-19,4.8394,0.5099,4.3295
2019-06-18,4.4029,0.2008,4.202
2019-06-17,4.1349,-0.0169,4.1518
2019-06-14,4.0281,-0.128,4.1560000000000015
2019-06-13,4.3606,0.1725,4.188
2019-06-12,4.2714,0.1265,4.1449
2019-06-11,4.5802,0.4669,4.1133
2019-06-10,4.925,0.9285,3.9965
2019-06-07,4.4708,0.7064,3.7644
2019-06-06,3.7710000000000004,0.1832,3.5878
2019-06-05,3.1528,-0.3892,3.542
2019-06-04,2.5664,-1.0729,3.6393
2019-06-03,2.5697,-1.3378,3.9076
2019-05-31,3.7258,-0.5162,4.242
2019-05-30,3.6444,-0.7267,4.3711
2019-05-29,3.7888,-0.764,4.5527
2019-05-28,4.2326,-0.5112,4.7437
2019-05-24,4.5196,-0.3519,4.8715
2019-05-23,4.8161,-0.1434,4.9595
2019-05-22,5.2732,0.2778,4.9953
2019-05-21,5.1384,0.2125,4.9259
2019-05-20,4.8428,-0.0299,4.8728
2019-05-17,5.0324,0.1522,4.8802
2019-05-16,4.849,0.0068,4.8422
2019-05-15,4.4119,-0.4286,4.8405
2019-05-14,4.5698,-0.3778,4.9476
2019-05-13,4.8180000000000005,-0.2241,5.0421
2019-05-10,5.6785,0.5804,5.0981
2019-05-09,5.5601,0.607,4.953
2019-05-08,5.3789,0.5776,4.8012
2019-05-07,5.3891,0.7323,4.6568
2019-05-06,5.614,1.1402,4.4738
2019-05-03,5.2532,1.0645,4.1887
2019-05-02,4.7744,0.8518,3.9226
2019-05-01,4.6456,0.9359,3.7096
2019-04-30,4.4147,0.9390000000000001,3.4757
2019-04-29,3.9468,0.7059,3.2409
2019-04-26,3.7493,0.6849,3.0644
2019-04-25,3.2361,0.3429,2.8932
2019-04-24,2.8934,0.0859,2.8075
2019-04-23,2.815,0.028999999999999998,2.786
2019-04-22,2.4684,-0.3103,2.7787
2019-04-18,2.4411,-0.4152,2.8563
2019-04-17,2.497,-0.4631,2.9601
2019-04-16,2.7367,-0.3391,3.0759
2019-04-15,2.8044,-0.3563,3.1607
2019-04-12,2.7205,-0.5292,3.2497
2019-04-11,2.7166,-0.6655,3.3819999999999997
2019-04-10,2.6903,-0.8582,3.5484
2019-04-09,2.7184,-1.0446,3.763
2019-04-08,3.0456,-0.9785,4.0241
2019-04-05,3.4282,-0.8405,4.2687
2019-04-04,3.9451,-0.5338,4.4788
2019-04-03,4.526,-0.0863,4.6123
2019-04-02,4.5275,-0.1064,4.6339
2019-04-01,4.4219,-0.2385,4.6605
2019-03-29,4.2676,-0.4525,4.7201
2019-03-28,4.1257,-0.7075,4.8332
2019-03-27,4.133,-0.8771,5.0101
2019-03-26,4.4609,-0.7684,5.2294
2019-03-25,4.5357,-0.8858,5.4215
2019-03-22,4.7585,-0.8845,5.643
2019-03-21,5.2435,-0.6206,5.8641
2019-03-20,4.8812,-1.1381,6.0192
2019-03-19,5.1703,-1.1334,6.3037
2019-03-18,5.3471,-1.2399,6.5871
2019-03-15,5.6406,-1.2564,6.8971
2019-03-14,5.9077,-1.3034,7.2112
2019-03-13,6.0192,-1.5179,7.537000000000001
2019-03-12,6.3101,-1.6064,7.9165
2019-03-11,6.4613,-1.8568,8.3181
2019-03-08,6.6753,-2.1069999999999998,8.7823
2019-03-07,7.1651,-2.144,9.3091
2019-03-06,7.8743,-1.9708,9.8451
2019-03-05,8.725,-1.6127,10.3378
2019-03-04,9.3857,-1.3553,10.741
2019-03-01,10.2095,-0.8703,11.0798
2019-02-28,10.6665,-0.6309,11.2973
2019-02-27,11.1017,-0.3533,11.4551
2019-02-26,11.395,-0.1484,11.5434
2019-02-25,11.8368,0.2563,11.5805
2019-02-22,12.1368,0.6204,11.5164
2019-02-21,12.0428,0.6815,11.3613
2019-02-20,12.2925,1.1015,11.1909
2019-02-19,12.6247,1.7092,10.9155
2019-02-15,12.6086,2.1204,10.4882
2019-02-14,12.1084,2.1502,9.9582
2019-02-13,11.7101,2.2895,9.4206
2019-02-12,11.5732,2.725,8.8482
2019-02-11,11.2016,3.0347,8.167
2019-02-08,10.6795,3.2711,7.4083
2019-02-07,9.4758,2.8853,6.5905
2019-02-06,8.5949,2.7257,5.8692
2019-02-05,7.2467,2.0589,5.1878
2019-02-04,6.6606,1.9875,4.6731
2019-02-01,5.9175,1.7414,4.1762
2019-01-31,5.4033,1.6625,3.7408
2019-01-30,4.9342,1.6089,3.3252
2019-01-29,4.5364,1.6134,2.923
2019-01-28,4.3589,1.8392,2.5196
2019-01-25,3.8316,1.7718,2.0598
2019-01-24,3.1996,1.5827,1.6169
2019-01-23,2.8107,1.5895,1.2212
2019-01-22,2.4231,1.5993,0.8238
2019-01-18,1.942,1.518,0.424
2019-01-17,1.3303,1.2858,0.0445
2019-01-16,0.9395,1.2164,-0.2769
2019-01-15,0.5125,1.0935,-0.581
2019-01-14,0.0221,0.8765,-0.8544
2019-01-11,0.0272,1.1007,-1.0735
2019-01-10,-0.2446,1.1041,-1.3487
2019-01-09,-0.7214,0.9033,-1.6247
2019-01-08,-1.3052,0.5453,-1.8505
2019-01-07,-1.896,0.0909,-1.9869
2019-01-04,-2.3139,-0.3044,-2.0096
2019-01-03,-2.4991,-0.5656,-1.9335
2019-01-02,-2.2389,-0.4468,-1.7921
2018-12-31,-2.2,-0.5196,-1.6804
2018-12-28,-2.3984,-0.8479,-1.5505
2018-12-27,-2.4935,-1.1549,-1.3385
2018-12-26,-2.6305,-1.5807,-1.0498
2018-12-24,-2.6114,-1.9568,-0.6546
2018-12-21,-1.6652,-1.4998,-0.1654
2018-12-20,-0.7866,-0.9961,0.2095
2018-12-19,-0.1171,-0.5756,0.4585
2018-12-18,0.3228,-0.2796,0.6024
2018-12-17,0.7553,0.083,0.6724
2018-12-14,1.4512,0.7996,0.6516
2018-12-13,1.578,1.1263,0.4517
2018-12-12,1.4379,1.2677,0.1702
2018-12-11,1.1129,1.2597,-0.1468
2018-12-10,0.9844,1.4461,-0.4617
2018-12-07,0.7958,1.619,-0.8232
2018-12-06,0.7553,1.9833,-1.228
2018-12-04,0.2925,2.0163,-1.7238
2018-12-03,-0.0407,2.1872,-2.2279
2018-11-30,-0.8453,1.9294,-2.7747
2018-11-29,-1.6604,1.5966,-3.2569999999999997
2018-11-28,-2.5340000000000003,1.1222,-3.6562
2018-11-27,-3.4778,0.4589,-3.9367
2018-11-26,-3.7603,0.2911,-4.0515
2018-11-23,-4.2027,-0.0784,-4.1242
2018-11-21,-4.3314,-0.2268,-4.1046
2018-11-20,-4.5233,-0.4754,-4.0479
2018-11-19,-4.0875,-0.1584,-3.9291
2018-11-16,-3.3883,0.5012,-3.8895
2018-11-15,-3.5096,0.5052,-4.0148
2018-11-14,-3.7233,0.4178,-4.1411
2018-11-13,-3.7606,0.4849,-4.2456
2018-11-12,-3.833,0.5338,-4.3668
2018-11-09,-3.7567,0.7436,-4.5003
2018-11-08,-4.0505,0.6356,-4.6861
2018-11-07,-4.4034,0.4417,-4.845
2018-11-06,-4.8813,0.0742,-4.9555
2018-11-05,-4.904,0.07,-4.974
2018-11-02,-4.9707,0.0208,-4.9915
2018-11-01,-5.0741,-0.0774,-4.9967
2018-10-31,-5.17,-0.1926,-4.9774
2018-10-30,-5.1876,-0.2584,-4.9292
2018-10-29,-5.5816,-0.7170000000000001,-4.8647
2018-10-26,-5.4209,-0.7355,-4.6854
2018-10-25,-5.1564,-0.6548,-4.5015
2018-10-24,-5.0817,-0.7439,-4.3378
2018-10-23,-4.5154,-0.3635,-4.1519
2018-10-22,-4.574,-0.513,-4.061
2018-10-19,-4.7819,-0.8492,-3.9327
2018-10-18,-4.6885,-0.968,-3.7204
2018-10-17,-4.7780000000000005,-1.2996,-3.4784
2018-10-16,-5.115,-1.9615,-3.1535
2018-10-15,-5.4249,-2.7618,-2.6632
2018-10-12,-5.1083,-3.1356,-1.9727
2018-10-11,-4.7357,-3.5469,-1.1888
2018-10-10,-3.7066,-3.4045,-0.3021
2018-10-09,-2.5876,-3.1367,0.5489999999999999
2018-10-08,-1.7571,-3.0903,1.3332
2018-10-05,-0.6685,-2.7743,2.1058
2018-10-04,0.2949,-2.5044,2.7993
2018-10-03,1.3523,-2.0731,3.4254
2018-10-02,1.9797,-1.964,3.9437
2018-10-01,2.821,-1.6137,4.4347
2018-09-28,3.4586,-1.3795,4.8381
2018-09-27,3.7528,-1.4302,5.183
2018-09-26,4.1175,-1.4231,5.5406
2018-09-25,4.5444,-1.3519999999999999,5.8964
2018-09-24,4.5905,-1.6439,6.2344
2018-09-21,4.9949,-1.6504,6.6453
2018-09-20,5.5729,-1.485,7.0579
2018-09-19,6.2468,-1.1824,7.4292
2018-09-18,7.0009,-0.7239,7.7248
2018-09-17,7.4481,-0.4577,7.9058
2018-09-14,7.9401,-0.0801,8.0202
2018-09-13,7.8499,-0.1903,8.0402
2018-09-12,7.7457,-0.3421,8.0878
2018-09-11,7.829,-0.3443,8.1733
2018-09-10,7.8071,-0.4522,8.2594
2018-09-07,7.8714,-0.5011,8.3724
2018-09-06,7.9488,-0.5489,8.4977
2018-09-05,8.3251,-0.3098,8.6349
2018-09-04,9.0528,0.3404,8.7124
2018-08-31,9.0558,0.4285,8.6273
2018-08-30,9.0399,0.5198,8.5201
2018-08-29,9.1254,0.7352,8.3902
2018-08-28,8.9856,0.7792,8.2064
2018-08-27,8.8385,0.8269,8.0116
2018-08-24,8.6107,0.8058,7.8049
2018-08-23,8.2486,0.6452,7.6034
2018-08-22,8.1441,0.7020000000000001,7.4421
2018-08-21,7.9838,0.7172,7.2666
2018-08-20,7.7954,0.7081,7.0873
2018-08-17,7.6901,0.7798,6.9103
2018-08-16,7.621,0.9056,6.7153
2018-08-15,7.5858,1.0969,6.4889
2018-08-14,7.7034,1.4887,6.2147
2018-08-13,7.5053,1.6627,5.8425
2018-08-10,7.4792,2.0524,5.4268
2018-08-09,7.2191,2.3053,4.9138
2018-08-08,6.9765,2.6391,4.3374
2018-08-07,6.4646,2.787,3.6777
2018-08-06,5.7620000000000005,2.7811,2.9809
2018-08-03,4.7733,2.4877,2.2856
2018-08-02,3.6109,1.9472,1.6637
2018-08-01,1.8498,0.6729,1.1769
2018-07-31,0.5006,-0.5081,1.0087
2018-07-30,0.7759,-0.3598,1.1357
2018-07-27,1.4349,0.2092,1.2257
2018-07-26,1.7571,0.5837,1.1734
2018-07-25,1.6673,0.6399,1.0274
2018-07-24,1.5357,0.6682,0.8674
2018-07-23,1.6232,0.9228,0.7004
2018-07-20,1.4191,0.9495,0.4697
2018-07-19,1.2388,1.0065,0.2323
2018-07-18,1.011,1.0304,-0.0193
2018-07-17,0.7493,1.0263,-0.2769
2018-07-16,0.4452,0.9787,-0.5335
2018-07-13,0.1431,0.9213,-0.7782
2018-07-12,-0.2822,0.7263,-1.0085
2018-07-11,-0.8535,0.3366,-1.1901
2018-07-10,-1.2068,0.0674,-1.2742
2018-07-09,-1.4976,-0.2066,-1.2911
2018-07-06,-1.7788,-0.5394,-1.2394
2018-07-05,-1.9703,-0.8658,-1.1046
2018-07-03,-1.9713,-1.0831,-0.8881
2018-07-02,-1.8725,-1.2552,-0.6173
2018-06-29,-1.7773,-1.4738,-0.3035
2018-06-28,-1.3845,-1.4494,0.0649
2018-06-27,-0.9852,-1.4125,0.4273
2018-06-26,-0.1802,-0.9606,0.7804
2018-06-25,0.4029,-0.6177,1.0205
2018-06-22,1.2655,0.0905,1.1749
2018-06-21,1.6577,0.5054,1.1523
2018-06-20,1.8685,0.8426,1.0259
2018-06-19,1.8233,1.008,0.8153
2018-06-18,1.6342,1.0708,0.5633
2018-06-15,1.3232,1.0276,0.2956
2018-06-14,1.0607,1.022,0.0387
2018-06-13,0.6034,0.8202,-0.2168
2018-06-12,0.2095,0.6313,-0.4219
2018-06-11,-0.16699999999999998,0.4126,-0.5797
2018-06-08,-0.2573,0.4256,-0.6828
2018-06-07,-0.2496,0.5397,-0.7892
2018-06-06,0.0113,0.9355,-0.9242
2018-06-05,-0.3075,0.8505,-1.158
2018-06-04,-0.7527,0.6179,-1.3707
2018-06-01,-1.1125,0.4126,-1.5251
2018-05-31,-1.3163,0.312,-1.6283
2018-05-30,-1.547,0.1593,-1.7063
2018-05-29,-1.7732,-0.0271,-1.7461
2018-05-25,-1.9374,-0.1981,-1.7393
2018-05-24,-2.1157,-0.4259,-1.6898
2018-05-23,-2.2137,-0.6304,-1.5834
2018-05-22,-2.1774,-0.7516,-1.4258
2018-05-21,-2.0127,-0.7748,-1.2379
2018-05-18,-1.9535,-0.9093,-1.0442
2018-05-17,-1.933,-1.1162,-0.8168
2018-05-16,-1.6924,-1.1546,-0.5378
2018-05-15,-1.3586,-1.1095,-0.2491
2018-05-14,-0.9027,-0.9309,0.0282
2018-05-11,-0.3524,-0.6134,0.2609
2018-05-10,-0.1917,-0.606,0.4143
2018-05-09,-0.2017,-0.7675,0.5658
2018-05-08,-0.1585,-0.9162,0.7577
2018-05-07,-0.0981,-1.0848,0.9867
2018-05-04,0.0466,-1.2113,1.2579
2018-05-03,0.3356,-1.2251,1.5607
2018-05-02,0.9204,-0.9466,1.867
2018-05-01,1.7289,-0.3748,2.1036
2018-04-30,1.8997,-0.2977,2.1973
2018-04-27,1.9251,-0.3466,2.2717
2018-04-26,2.0029,-0.3555,2.3584
2018-04-25,2.0821,-0.3652,2.4473
2018-04-24,2.4198,-0.1188,2.5386
2018-04-23,2.839,0.2707,2.5683
2018-04-20,2.9743,0.4737,2.5006
2018-04-19,2.9318,0.5496,2.3822
2018-04-18,2.733,0.4882,2.2448
2018-04-17,2.3519,0.2292,2.1227
2018-04-16,1.9932,-0.0722,2.0654
2018-04-13,1.9157,-0.1678,2.0835
2018-04-12,1.9976,-0.1278,2.1254
2018-04-11,1.9204,-0.237,2.1574
2018-04-10,1.7115,-0.5051,2.2166
2018-04-09,1.5452,-0.7978,2.3429
2018-04-06,1.6413,-0.9011,2.5424
2018-04-05,1.8022,-0.9655,2.7676
2018-04-04,1.8368,-1.1722,3.009
2018-04-03,1.9285,-1.3735,3.3021
2018-04-02,2.3333,-1.3122,3.6454
2018-03-29,2.9065,-1.067,3.9735
2018-03-28,3.2385,-1.0017,4.2402
2018-03-27,3.8402,-0.6505,4.4907
2018-03-26,4.3038,-0.3495,4.6533
2018-03-23,4.1977,-0.5429999999999999,4.7407
2018-03-22,4.721,-0.1554,4.8764
2018-03-21,4.9191,0.0038,4.9153
2018-03-20,4.8682,-0.0461,4.9143
2018-03-19,4.927,0.0011,4.9259
2018-03-16,5.2419,0.3163,4.9256
2018-03-15,5.37,0.5235,4.8465
2018-03-14,5.4718,0.7561,4.7156
2018-03-13,5.3764,0.8498,4.5266
2018-03-12,5.3527,1.0386,4.3141
2018-03-09,5.1753,1.1208,4.0545
2018-03-08,4.8981,1.1238,3.7743
2018-03-07,4.5361,1.0427,3.4933
2018-03-06,4.1954,0.9628,3.2326
2018-03-05,3.8665,0.8746,2.9919
2018-03-02,3.5474,0.7741,2.7733
2018-03-01,3.2727,0.6929,2.5798
2018-02-28,3.2563,0.8497,2.4066
2018-02-27,3.1717,0.9776,2.1941
2018-02-26,2.9463,0.9966,1.9497
2018-02-23,2.6291,0.9285,1.7006
2018-02-22,2.2948,0.8263,1.4685
2018-02-21,2.07,0.8081,1.2619
2018-02-20,1.8029,0.743,1.0599
2018-02-16,1.4214,0.5473,0.8741
2018-02-15,1.0015,0.2642,0.7373
2018-02-14,0.4397,-0.2315,0.6712
2018-02-13,0.0145,-0.7146,0.7291
2018-02-12,-0.2045,-1.1123,0.9077
2018-02-09,-0.0341,-1.22,1.1858
2018-02-08,0.3019,-1.1889,1.4908
2018-02-07,0.7723,-1.0157,1.788
2018-02-06,1.1985,-0.8435,2.042
2018-02-05,1.5102,-0.7426,2.2528
2018-02-02,2.1447,-0.2938,2.4385
2018-02-01,2.4673,-0.0447,2.5119
2018-01-31,2.6781,0.155,2.5231
2018-01-30,2.7586,0.2742,2.4843
2018-01-29,2.8456,0.4299,2.4158
2018-01-26,2.7881,0.4798,2.3083
2018-01-25,2.6445,0.4561,2.1884
2018-01-24,2.7334,0.659,2.0743
2018-01-23,2.7378,0.8282,1.9096
2018-01-22,2.56,0.8575,1.7025
2018-01-19,2.2623,0.7742,1.4882
2018-01-18,1.9635,0.6688,1.2946
2018-01-17,1.7642,0.6368,1.1274
2018-01-16,1.5626,0.5944,0.9682
2018-01-12,1.4252,0.6056,0.8196
2018-01-11,1.0457,0.3775,0.6682
2018-01-10,0.9789,0.4051,0.5738
2018-01-09,0.8916,0.4191,0.4725
2018-01-08,0.7326,0.3649,0.3678
2018-01-05,0.5272,0.2506,0.2766
2018-01-04,0.3347,0.1207,0.2139
2018-01-03,0.1625,-0.0213,0.1837
2018-01-02,0.1521,-0.0369,0.18899999999999997
2017-12-29,0.1967,-0.0015,0.1983
2017-12-28,0.262,0.0634,0.1987
2017-12-27,0.2988,0.11599999999999999,0.1828
2017-12-26,0.2875,0.1336,0.1538
2017-12-22,0.3268,0.2064,0.1204
2017-12-21,0.3713,0.3024,0.0688
2017-12-20,0.3269,0.3337,-0.0068
2017-12-19,0.1973,0.2875,-0.0902
2017-12-18,0.0107,0.1727,-0.1621
2017-12-15,-0.2542,-0.0489,-0.2053
2017-12-14,-0.4429,-0.2499,-0.193
2017-12-13,-0.4971,-0.3665,-0.1306
2017-12-12,-0.5468,-0.5079,-0.0389
2017-12-11,-0.4466,-0.5347,0.0881
2017-12-08,-0.4771,-0.6988,0.2217
2017-12-07,-0.4195,-0.8159,0.3964
2017-12-06,-0.3002,-0.9006,0.6004
2017-12-05,-0.0192,-0.8448,0.8256
2017-12-04,0.42,-0.6168,1.0368
2017-12-01,0.9338,-0.2571,1.1909
2017-11-30,1.182,-0.0732,1.2552
2017-11-29,1.3319,0.0584,1.2735
2017-11-28,1.621,0.36200000000000004,1.2589
2017-11-27,1.5917,0.4232,1.1684
2017-11-24,1.5718,0.5092,1.0626
2017-11-22,1.3749,0.4396,0.9353
2017-11-21,1.1862,0.3607,0.8254
2017-11-20,0.8913,0.156,0.7353
2017-11-17,0.6751,-0.0212,0.6962
2017-11-16,0.5369,-0.1646,0.7015
2017-11-15,0.4098,-0.3329,0.7427
2017-11-14,0.5399,-0.2861,0.8259
2017-11-13,0.5565,-0.3409,0.8974
2017-11-10,0.6114,-0.3712,0.9827
2017-11-09,0.7317,-0.3438,1.0755
2017-11-08,0.9173,-0.2441,1.1614
2017-11-07,1.0462,-0.1762,1.2224
2017-11-06,1.1486,-0.1179,1.2665
2017-11-03,1.0590000000000002,-0.2369,1.296
2017-11-02,1.0901,-0.2651,1.3552
2017-11-01,1.2178,-0.2036,1.4215
2017-10-31,1.5637,0.0913,1.4724
2017-10-30,1.4835,0.034,1.4495
2017-10-27,1.5703,0.1293,1.4409999999999998
2017-10-26,1.4669,0.0582,1.4087
2017-10-25,1.4184,0.0242,1.3942
2017-10-24,1.459,0.0709,1.3881
2017-10-23,1.4592,0.0888,1.3704
2017-10-20,1.4982,0.15,1.3482
2017-10-19,1.4661,0.1554,1.3107
2017-10-18,1.4884,0.2165,1.2719
2017-10-17,1.4605,0.2428,1.2177
2017-10-16,1.475,0.3179,1.1571
2017-10-13,1.4608,0.3832,1.0776
2017-10-12,1.3298,0.348,0.9818
2017-10-11,1.2084,0.3136,0.8948
2017-10-10,1.0817,0.2654,0.8164
2017-10-09,0.9440000000000001,0.19399999999999998,0.75
2017-10-06,0.7749,0.0734,0.7015
2017-10-05,0.5905,-0.0926,0.6832
2017-10-04,0.5258,-0.1805,0.7063
2017-10-03,0.5954,-0.156,0.7514
2017-10-02,0.6155,-0.175,0.7905
2017-09-29,0.6556,-0.1786,0.8342
2017-09-28,0.6829999999999999,-0.1958,0.8788
2017-09-27,0.7294,-0.1984,0.9278
2017-09-26,0.7516,-0.2258,0.9774
2017-09-25,0.9278,-0.106,1.0338
2017-09-22,1.0608,0.0005,1.0603
2017-09-21,1.0258,-0.0344,1.0602
2017-09-20,0.9957,-0.0731,1.0688
2017-09-19,1.0415,-0.0456,1.0871
2017-09-18,1.089,-0.0095,1.0985
2017-09-15,1.1031,0.0022,1.1009
2017-09-14,1.1347,0.0344,1.1003
2017-09-13,1.1412,0.0494,1.0917
2017-09-12,1.1369,0.0575,1.0794
2017-09-11,1.1342,0.0692,1.065
2017-09-08,1.0594,0.0117,1.0477
2017-09-07,1.1154,0.0706,1.0448
2017-09-06,1.1473,0.1201,1.0271
2017-09-05,1.2293,0.2322,0.9971
2017-09-01,1.1776,0.2386,0.9391
2017-08-31,1.0823,0.2029,0.8794
2017-08-30,0.9613,0.1326,0.8287
2017-08-29,0.9209999999999999,0.1255,0.7955
2017-08-28,1.0009,0.2367,0.7642
2017-08-25,1.0057,0.3008,0.705
2017-08-24,0.9943,0.3645,0.6298
2017-08-23,0.8949,0.3562,0.5387
2017-08-22,0.7022,0.2525,0.4496
2017-08-21,0.4602,0.0737,0.3865
2017-08-18,0.4063,0.0382,0.3681
2017-08-17,0.4354,0.0769,0.3585
2017-08-16,0.4459,0.1066,0.3393
2017-08-15,0.3551,0.0425,0.3126
2017-08-14,0.2218,-0.0802,0.302
2017-08-11,0.0993,-0.2228,0.3221
2017-08-10,0.1523,-0.2254,0.3778
2017-08-09,0.3033,-0.1308,0.4341
2017-08-08,0.3481,-0.1188,0.4668
2017-08-07,0.3624,-0.1341,0.4965
2017-08-04,0.3663,-0.1638,0.5301
2017-08-03,0.4178,-0.1532,0.5710000000000001
2017-08-02,0.4867,-0.1226,0.6093
2017-08-01,0.6979,0.057999999999999996,0.6399
2017-07-31,0.6437,0.0183,0.6254
2017-07-28,0.6771,0.0563,0.6209
2017-07-27,0.6723,0.0655,0.6068
2017-07-26,0.7785,0.1881,0.5904
2017-07-25,0.7490000000000001,0.2056,0.5434
2017-07-24,0.6791,0.1871,0.4920000000000001
2017-07-21,0.5067,0.0615,0.4452
2017-07-20,0.489,0.0591,0.4299
2017-07-19,0.4176,0.0025,0.4151
2017-07-18,0.3671,-0.0473,0.4145
2017-07-17,0.3198,-0.1065,0.4263
2017-07-14,0.2925,-0.1604,0.4529
2017-07-13,0.2798,-0.2133,0.493
2017-07-12,0.28600000000000003,-0.2604,0.5464
2017-07-11,0.1553,-0.4561,0.6114
2017-07-10,0.1462,-0.5793,0.7255
2017-07-07,0.2484,-0.6219,0.8703
2017-07-06,0.3193,-0.7064,1.0258
2017-07-05,0.5294,-0.6729,1.2024
2017-07-03,0.7593,-0.6113,1.3706
2017-06-30,1.1159999999999999,-0.4074,1.5234
2017-06-29,1.3086,-0.3167,1.6253
2017-06-28,1.6241,-0.0804,1.7044
2017-06-27,1.7811,0.0565,1.7245
2017-06-26,1.9871,0.2767,1.7104
2017-06-23,1.9809,0.3397,1.6412
2017-06-22,1.8159,0.2596,1.5563
2017-06-21,1.7052,0.2138,1.4914
2017-06-20,1.5604,0.1224,1.4380000000000002
2017-06-19,1.4781,0.0708,1.4074
2017-06-16,1.3018,-0.0879,1.3897
2017-06-15,1.2084,-0.2033,1.4116
2017-06-14,1.206,-0.2564,1.4624
2017-06-13,1.3341,-0.1924,1.5266
2017-06-12,1.3845,-0.1901,1.5747
2017-06-09,1.5234,-0.0987,1.6222
2017-06-08,1.7814,0.1345,1.6469
2017-06-07,1.7335,0.1203,1.6133
2017-06-06,1.6848,0.1016,1.5832
2017-06-05,1.6481,0.0903,1.5578
2017-06-02,1.5599,0.0247,1.5352
2017-06-01,1.4704,-0.0586,1.5290000000000001
2017-05-31,1.4122,-0.1315,1.5437
2017-05-30,1.4875,-0.0891,1.5766
2017-05-26,1.4967,-0.1021,1.5988
2017-05-25,1.4989,-0.1255,1.6244
2017-05-24,1.485,-0.1707,1.6557
2017-05-23,1.5292,-0.1692,1.6984
2017-05-22,1.6133,-0.1274,1.7407
2017-05-19,1.6564,-0.1162,1.7726
2017-05-18,1.6985,-0.1031,1.8016
2017-05-17,1.7957,-0.0317,1.8274
2017-05-16,1.9976,0.1623,1.8353
2017-05-15,1.9848,0.1901,1.7947
2017-05-12,1.956,0.2088,1.7472
2017-05-11,1.9315,0.2365,1.695
2017-05-10,1.9668,0.331,1.6359
2017-05-09,1.9456,0.3925,1.5531
2017-05-08,1.8882,0.4332,1.455
2017-05-05,1.7213,0.3746,1.3467
2017-05-04,1.524,0.2709,1.2531
2017-05-03,1.3659999999999999,0.1806,1.1854
2017-05-02,1.173,0.0328,1.1402
2017-05-01,1.1926,0.0606,1.1320000000000001
2017-04-28,1.1759,0.0591,1.1169
2017-04-27,1.1894,0.0873,1.1021
2017-04-26,1.169,0.0887,1.0803
2017-04-25,1.1747,0.1167,1.0581
2017-04-24,1.1111,0.0822,1.0289
2017-04-21,1.0625,0.0541,1.0084
2017-04-20,1.0604,0.0656,0.9949
2017-04-19,1.021,0.0425,0.9785
2017-04-18,0.9608,-0.006999999999999999,0.9678
2017-04-17,0.9108,-0.0587,0.9696
2017-04-13,0.9061,-0.0782,0.9843
2017-04-12,0.9469,-0.0569,1.0038
2017-04-11,0.9719,-0.0461,1.018
2017-04-10,0.9806,-0.0489,1.0296
2017-04-07,1.0345,-0.0073,1.0418
2017-04-06,1.0424,-0.0012,1.0436
2017-04-05,1.0322,-0.0118,1.0439
2017-04-04,1.0713,0.0245,1.0469
2017-04-03,1.0263,-0.0145,1.0408
2017-03-31,0.9773,-0.067,1.0444
2017-03-30,0.9291,-0.132,1.0611
2017-03-29,0.8867,-0.2075,1.0941
2017-03-28,0.8420000000000001,-0.304,1.146
2017-03-27,0.8225,-0.3995,1.222
2017-03-24,0.8479,-0.474,1.3219
2017-03-23,0.9627,-0.4777,1.4404
2017-03-22,1.1816,-0.3781,1.5598
2017-03-21,1.3228,-0.3315,1.6543
2017-03-20,1.5255,-0.2117,1.7372
2017-03-17,1.6021,-0.188,1.7901
2017-03-16,1.6736,-0.1635,1.8371
2017-03-15,1.7283,-0.1497,1.8780000000000001
2017-03-14,1.8014,-0.114,1.9154
2017-03-13,1.8941,-0.0499,1.9439
2017-03-10,1.944,-0.0124,1.9564
2017-03-09,2.008,0.0484,1.9595
2017-03-08,2.094,0.1466,1.9474
2017-03-07,2.155,0.2442,1.9108
2017-03-06,2.1283,0.2785,1.8497
2017-03-03,2.0713,0.2912,1.7801
2017-03-02,1.9858,0.2785,1.7073
2017-03-01,1.9801,0.3424,1.6377
2017-02-28,1.8921,0.34,1.5521
2017-02-27,1.9437,0.4766,1.4671
2017-02-24,1.8917,0.5438,1.3479
2017-02-23,1.7377,0.5258,1.212
2017-02-22,1.6422,0.5616,1.0805
2017-02-21,1.5482,0.6081,0.9401
2017-02-17,1.4506,0.6626,0.7881
2017-02-16,1.2775,0.6551,0.6224
2017-02-15,1.1356,0.677,0.4587
2017-02-14,0.9004,0.611,0.2894
2017-02-13,0.6471,0.5105,0.1367
2017-02-10,0.3511,0.3421,0.009000000000000001
2017-02-09,-0.0817,-0.0053,-0.0765
2017-02-08,-0.5301,-0.455,-0.0752
2017-02-07,-0.4778,-0.5164,0.0386
2017-02-06,-0.4182,-0.5859,0.1677
2017-02-03,-0.2547,-0.5689,0.3142
2017-02-02,-0.1838,-0.6402,0.4564
2017-02-01,0.0794,-0.537,0.6164
2017-01-31,0.4539,-0.2967,0.7507
2017-01-30,0.6901,-0.1347,0.8249
2017-01-27,0.8981,0.0395,0.8585
2017-01-26,0.9315,0.0829,0.8487
2017-01-25,1.0208,0.1928,0.8279
2017-01-24,0.9783,0.1985,0.7797
2017-01-23,0.8782,0.1482,0.7301
2017-01-20,0.7816,0.0885,0.693
2017-01-19,0.7181,0.0472,0.6709
2017-01-18,0.76,0.1009,0.6591
2017-01-17,0.7831,0.1492,0.6339
2017-01-13,0.8185,0.2219,0.5966
2017-01-12,0.7683,0.2272,0.5411
2017-01-11,0.7572,0.2728,0.4843
2017-01-10,0.6607,0.2445,0.4161
2017-01-09,0.5870000000000001,0.23199999999999998,0.355
2017-01-06,0.465,0.168,0.297
2017-01-05,0.3953,0.1402,0.255
2017-01-04,0.3503,0.1304,0.22
2017-01-03,0.2533,0.066,0.1874
2016-12-30,0.2144,0.0435,0.1709
2016-12-29,0.2613,0.1013,0.16
2016-12-28,0.2523,0.1176,0.1347
2016-12-27,0.2391,0.1339,0.1053
2016-12-23,0.1384,0.0666,0.0718
2016-12-22,0.13,0.0748,0.0551
2016-12-21,0.2314,0.195,0.0364
2016-12-20,0.2394,0.2517,-0.0123
2016-12-19,0.1891,0.2643,-0.0752
2016-12-16,0.1079,0.2492,-0.1413
2016-12-15,0.0556,0.2592,-0.2036
2016-12-14,0.1133,0.3817,-0.2684
2016-12-13,0.1171,0.48100000000000004,-0.3639
2016-12-12,0.106,0.5901,-0.4841
2016-12-09,0.0362,0.6679,-0.6316
2016-12-08,-0.1439,0.6547,-0.7986
2016-12-07,-0.3636,0.5987,-0.9623
2016-12-06,-0.6254,0.4866,-1.112
2016-12-05,-0.8721,0.3615,-1.2336
2016-12-02,-1.0176,0.3064,-1.324
2016-12-01,-1.1008,0.2998,-1.4006
2016-11-30,-1.0964,0.3792,-1.4755
2016-11-29,-1.3048,0.2655,-1.5703
2016-11-28,-1.4349,0.2018,-1.6367
2016-11-25,-1.4832,0.2039,-1.6871
2016-11-23,-1.5794,0.1587,-1.7381
2016-11-22,-1.6751,0.1027,-1.7778
2016-11-21,-1.7586,0.0449,-1.8035
2016-11-18,-1.8977,-0.083,-1.8147
2016-11-17,-2.0557,-0.2617,-1.7939
2016-11-16,-2.1868,-0.4583,-1.7285
2016-11-15,-2.3049,-0.691,-1.6139
2016-11-14,-2.2553,-0.8141,-1.4412
2016-11-11,-2.1784,-0.9407,-1.2377
2016-11-10,-2.0232,-1.0207,-1.0025
2016-11-09,-1.5757,-0.8284,-0.7473
2016-11-08,-1.2819999999999998,-0.7417,-0.5402
2016-11-07,-1.2316,-0.8768,-0.3548
2016-11-04,-1.0404,-0.9048,-0.1356
2016-11-03,-0.6152,-0.7058,0.0906
2016-11-02,-0.0789,-0.34600000000000003,0.267
2016-11-01,0.5487,0.1952,0.3535
2016-10-31,0.4967,0.192,0.3047
2016-10-28,0.4506,0.1939,0.2568
2016-10-27,0.3944,0.1861,0.2083
2016-10-26,0.4177,0.2559,0.1618
2016-10-25,0.3314,0.2336,0.0978
2016-10-24,0.193,0.1537,0.0394
2016-10-21,-0.0353,-0.0362,0.001
2016-10-20,-0.0747,-0.0847,0.01
2016-10-19,0.0003,-0.0308,0.0312
2016-10-18,0.0564,0.0175,0.0389
2016-10-17,0.0385,0.004,0.0345
2016-10-14,0.0345,0.001,0.0335
2016-10-13,0.0411,0.0078,0.0333
2016-10-12,0.0254,-0.0059,0.0313
2016-10-11,0.0336,0.0008,0.0328
2016-10-10,0.0762,0.0436,0.0326
2016-10-07,0.0093,-0.0125,0.0217
2016-10-06,0.0123,-0.0126,0.0248
2016-10-05,-0.0116,-0.0395,0.027999999999999997
2016-10-04,0.0682,0.0303,0.0379
2016-10-03,0.11699999999999999,0.0867,0.0303
2016-09-30,0.1196,0.111,0.0086
2016-09-29,0.0988,0.1179,-0.0191
2016-09-28,0.085,0.1336,-0.0486
2016-09-27,0.0173,0.0994,-0.08199999999999999
2016-09-26,-0.1314,-0.0246,-0.1069
2016-09-23,-0.2532,-0.1524,-0.1007
2016-09-22,-0.3601,-0.2975,-0.0626
2016-09-21,-0.5168,-0.5285,0.0117
2016-09-20,-0.4731,-0.6169,0.1439
2016-09-19,-0.2678,-0.5659,0.2981
2016-09-16,-0.0671,-0.5067,0.4396
2016-09-15,0.0475,-0.5188,0.5663
2016-09-14,0.1646,-0.5314,0.696
2016-09-13,0.39,-0.4388,0.8288
2016-09-12,0.6659999999999999,-0.2725,0.9385
2016-09-09,0.8109999999999999,-0.1956,1.0066
2016-09-08,1.0424,-0.0132,1.0556
2016-09-07,1.0649,0.006,1.0588
2016-09-06,1.0384,-0.0189,1.0573
2016-09-02,1.0323,-0.0298,1.0621
2016-09-01,0.9993,-0.0703,1.0695
2016-08-31,1.0190000000000001,-0.0681,1.0871
2016-08-30,1.0303,-0.0738,1.1041
2016-08-29,1.0176,-0.105,1.1226
2016-08-26,1.015,-0.1339,1.1489
2016-08-25,0.9868,-0.1955,1.1823
2016-08-24,0.9538,-0.2774,1.2312
2016-08-23,0.9629,-0.3377,1.3006
2016-08-22,1.0114,-0.3736,1.385
2016-08-19,1.1421,-0.3362,1.4784
2016-08-18,1.3097,-0.2527,1.5624
2016-08-17,1.4587,-0.1669,1.6256
2016-08-16,1.6317,-0.0356,1.6673
2016-08-15,1.6945,0.0182,1.6762
2016-08-12,1.6979,0.0263,1.6717
2016-08-11,1.7225,0.0574,1.6651
2016-08-10,1.7695,0.1188,1.6507
2016-08-09,1.8312,0.2102,1.621
2016-08-08,1.8529,0.2844,1.5685
2016-08-05,1.8199,0.3225,1.4974
2016-08-04,1.6740000000000002,0.2572,1.4168
2016-08-03,1.4848,0.1323,1.3525
2016-08-02,1.2523,-0.0671,1.3194
2016-08-01,1.3089,-0.0273,1.3362
2016-07-29,1.3133,-0.0297,1.3430000000000002
2016-07-28,1.3618,0.0114,1.3504
2016-07-27,1.3562,0.0086,1.3476
2016-07-26,1.3699,0.0245,1.3454
2016-07-25,1.3655,0.0262,1.3393
2016-07-22,1.3655,0.0328,1.3327
2016-07-21,1.3701,0.0455,1.3245
2016-07-20,1.5066,0.1935,1.3131
2016-07-19,1.4493,0.1845,1.2648
2016-07-18,1.4669999999999999,0.2483,1.2186
2016-07-15,1.4255,0.26899999999999996,1.1566
2016-07-14,1.4038,0.3144,1.0893
2016-07-13,1.3505,0.3398,1.0107
2016-07-12,1.324,0.3982,0.9258
2016-07-11,1.1853,0.3591,0.8262
2016-07-08,1.0359,0.2994,0.7365
2016-07-07,0.8881,0.2265,0.6616
2016-07-06,0.7507,0.1458,0.605
2016-07-05,0.647,0.0784,0.5685
2016-07-01,0.5703,0.0213,0.5489
2016-06-30,0.4457,-0.0978,0.5436
2016-06-29,0.318,-0.25,0.568
2016-06-28,0.3092,-0.3214,0.6306
2016-06-27,0.4217,-0.2892,0.7109
2016-06-24,0.6681,-0.1151,0.7832
2016-06-23,0.8151,0.0031,0.812
2016-06-22,0.7577,-0.0535,0.8112
2016-06-21,0.8170000000000001,-0.0076,0.8246
2016-06-20,0.7942,-0.0322,0.8265
2016-06-17,0.7709,-0.0636,0.8345
2016-06-16,0.7879999999999999,-0.0624,0.8504
2016-06-15,0.7861,-0.0799,0.866
2016-06-14,0.7591,-0.1269,0.8859999999999999
2016-06-13,0.7858,-0.1319,0.9177
2016-06-10,0.8308,-0.1199,0.9507
2016-06-09,0.8874,-0.0932,0.9807
2016-06-08,0.9121,-0.0918,1.004
2016-06-07,0.9101,-0.1168,1.0269
2016-06-06,0.9237,-0.1324,1.0561
2016-06-03,0.9807,-0.1086,1.0892
2016-06-02,1.0238,-0.0926,1.1164
2016-06-01,1.0487,-0.0908,1.1395
2016-05-31,1.0683,-0.0939,1.1622
2016-05-27,1.1419,-0.0438,1.1857
2016-05-26,1.1785,-0.0182,1.1967
2016-05-25,1.1663,-0.0349,1.2012
2016-05-24,1.2804,0.0704,1.21
2016-05-23,1.2201,0.0277,1.1924
2016-05-20,1.2129,0.0274,1.1854
2016-05-19,1.1769,-0.0017,1.1786
2016-05-18,1.1923,0.0133,1.179
2016-05-17,1.1304,-0.0453,1.1757
2016-05-16,1.1714,-0.0156,1.187
2016-05-13,1.1497,-0.0412,1.1909
2016-05-12,1.1745,-0.0267,1.2012
2016-05-11,1.2339,0.026000000000000002,1.2079
2016-05-10,1.2174,0.016,1.2014
2016-05-09,1.1705,-0.0269,1.1974
2016-05-06,1.2067,0.0025,1.2041
2016-05-05,1.3452,0.1417,1.2035
2016-05-04,1.3772,0.2092,1.1681
2016-05-03,1.2596,0.1439,1.1158
2016-05-02,1.2714,0.1916,1.0798
2016-04-29,1.1997,0.1678,1.0319
2016-04-28,1.1661,0.1761,0.99
2016-04-27,1.1012,0.1552,0.9459
2016-04-26,1.0338,0.1267,0.9071
2016-04-25,1.0183,0.1429,0.8755
2016-04-22,1.0367,0.19699999999999998,0.8397
2016-04-21,0.9616,0.1711,0.7905
2016-04-20,0.8457,0.098,0.7477
2016-04-19,0.7475,0.0243,0.7232
2016-04-18,0.6317,-0.0855,0.7171
2016-04-15,0.5897,-0.1488,0.7385
2016-04-14,0.612,-0.1636,0.7757
2016-04-13,0.596,-0.2206,0.8166
2016-04-12,0.5904,-0.2814,0.8718
2016-04-11,0.7028,-0.2393,0.9421
2016-04-08,0.8789,-0.12300000000000001,1.0019
2016-04-07,0.9728,-0.0599,1.0327
2016-04-06,1.0937,0.046,1.0476
2016-04-05,1.0926,0.0565,1.0361
2016-04-04,1.1863,0.1643,1.022
2016-04-01,1.1492,0.1683,0.9809
2016-03-31,1.1228,0.1839,0.9389
2016-03-30,1.0554,0.1625,0.8929
2016-03-29,0.9907,0.1384,0.8523
2016-03-28,0.9161,0.0984,0.8177
2016-03-24,0.9033,0.1102,0.7931
2016-03-23,0.9125,0.147,0.7655
2016-03-22,0.9222,0.1934,0.7288
2016-03-21,0.8855,0.2051,0.6804
2016-03-18,0.8146,0.1854,0.6291
2016-03-17,0.7275,0.1447,0.5828
2016-03-16,0.6495,0.1029,0.5466
2016-03-15,0.6515,0.1306,0.5209
2016-03-14,0.721,0.2328,0.4882
2016-03-11,0.6861,0.2561,0.43
2016-03-10,0.7019,0.3359,0.366
2016-03-09,0.7597,0.4777,0.282
2016-03-08,0.7481,0.5855,0.1626
2016-03-07,0.7662,0.75,0.0162
2016-03-04,0.6581,0.8294,-0.1713
2016-03-03,0.546,0.9247,-0.3786
2016-03-02,0.4033,1.0131,-0.6098
2016-03-01,0.151,1.0141,-0.8631
2016-02-29,-0.1609,0.9557,-1.1166
2016-02-26,-0.4284,0.9271,-1.3555
2016-02-25,-0.7595,0.8278,-1.5873
2016-02-24,-1.0103,0.784,-1.7943
2016-02-23,-1.3105,0.6798,-1.9903
2016-02-22,-1.5830000000000002,0.5772,-2.1602
2016-02-19,-1.9037,0.4008,-2.3045
2016-02-18,-2.151,0.2537,-2.4047
2016-02-17,-2.421,0.0471,-2.4681
2016-02-16,-2.6745,-0.1946,-2.4799
2016-02-12,-2.8349,-0.4036,-2.4312
2016-02-11,-2.8242,-0.4939,-2.3303
2016-02-10,-2.7726,-0.5658,-2.2069
2016-02-09,-2.5869999999999997,-0.5216,-2.0654
2016-02-08,-2.2026,-0.2675,-1.935
2016-02-05,-1.8569,0.0112,-1.8681
2016-02-04,-1.6199,0.251,-1.8709
2016-02-03,-1.7480000000000002,0.1857,-1.9337
2016-02-02,-1.8147,0.1654,-1.9801
2016-02-01,-1.9376,0.0838,-2.0214
2016-01-29,-2.1111,-0.0687,-2.0424
2016-01-28,-2.1807,-0.1554,-2.0252
2016-01-27,-2.1430000000000002,-0.1567,-1.9864
2016-01-26,-2.0191,-0.0719,-1.9472
2016-01-25,-2.0066,-0.0773,-1.9292
2016-01-22,-2.0368,-0.1269,-1.9099
2016-01-21,-2.1537,-0.2755,-1.8782
2016-01-20,-2.1819,-0.3726,-1.8093
2016-01-19,-2.1252,-0.409,-1.7161
2016-01-15,-2.0442,-0.4303,-1.6139
2016-01-14,-2.0109,-0.5046,-1.5063
2016-01-13,-1.9178,-0.5376,-1.3802
2016-01-12,-1.6783,-0.4326,-1.2458
2016-01-11,-1.5856,-0.44799999999999995,-1.1376
2016-01-08,-1.4166,-0.391,-1.0256
2016-01-07,-1.2109,-0.28300000000000003,-0.9279
2016-01-06,-1.1629,-0.3058,-0.8571
2016-01-05,-1.0287,-0.248,-0.7807
2016-01-04,-0.8302,-0.1115,-0.7187
2015-12-31,-0.6768,0.013999999999999999,-0.6908
2015-12-30,-0.6402,0.0541,-0.6943
2015-12-29,-0.6543,0.0535,-0.7078
2015-12-28,-0.7037,0.0175,-0.7212
2015-12-24,-0.7340000000000001,-0.0084,-0.7256
2015-12-23,-0.762,-0.0385,-0.7235
2015-12-22,-0.863,-0.1492,-0.7138
2015-12-21,-0.9031,-0.2265,-0.6765
2015-12-18,-0.9441,-0.3242,-0.6199
2015-12-17,-0.9053,-0.3665,-0.5389
2015-12-16,-0.857,-0.4097,-0.4473
2015-12-15,-0.8581,-0.5133,-0.3448
2015-12-14,-0.8481,-0.6316,-0.2165
2015-12-11,-0.7008,-0.6422,-0.0586
2015-12-10,-0.5291,-0.631,0.1019
2015-12-09,-0.4,-0.6597,0.2597
2015-12-08,-0.1469,-0.5715,0.4246
2015-12-07,0.0633,-0.5042,0.5675
2015-12-04,0.2817,-0.4118,0.6935
2015-12-03,0.4871,-0.3094,0.7965
2015-12-02,0.7473,-0.1265,0.8738
2015-12-01,0.9352,0.0298,0.9054
2015-11-30,0.8845,-0.0135,0.898
2015-11-27,0.8618,-0.0395,0.9014
2015-11-25,0.8122,-0.099,0.9113
2015-11-24,0.784,-0.1521,0.9359999999999999
2015-11-23,0.7833,-0.1907,0.9740000000000001
2015-11-20,0.8759999999999999,-0.1457,1.0217
2015-11-19,0.9346,-0.1235,1.0581
2015-11-18,0.9511,-0.1379,1.089
2015-11-17,1.0225,-0.10099999999999999,1.1235
2015-11-16,1.1415,-0.0073,1.1487
2015-11-13,1.3134,0.1628,1.1506
2015-11-12,1.5319999999999998,0.4222,1.1099
2015-11-11,1.4518,0.4475,1.0043
2015-11-10,1.4118,0.5193,0.8924
2015-11-09,1.3819,0.6193,0.7626
2015-11-06,1.2890000000000001,0.6812,0.6078
2015-11-05,1.0071,0.5696,0.4375
2015-11-04,0.6918,0.3967,0.2951
2015-11-03,0.1336,-0.0623,0.1959
2015-11-02,0.0892,-0.1223,0.2115
2015-10-30,0.0486,-0.1935,0.242
2015-10-29,0.0947,-0.1957,0.2904
2015-10-28,0.0627,-0.2767,0.3393
2015-10-27,0.0137,-0.3948,0.4085
2015-10-26,0.2361,-0.2711,0.5072
2015-10-23,0.3882,-0.1867,0.575
2015-10-22,0.5503,-0.0714,0.6217
2015-10-21,0.6524,0.0129,0.6395
2015-10-20,0.8079,0.1716,0.6363
2015-10-19,0.966,0.3727,0.5934
2015-10-16,0.9227,0.4225,0.5002
2015-10-15,0.7502,0.3556,0.3946
2015-10-14,0.6687,0.3631,0.3057
2015-10-13,0.6202,0.4053,0.2149
2015-10-12,0.5869,0.4734,0.1136
2015-10-09,0.4218,0.4266,-0.0048
2015-10-08,0.2223,0.3337,-0.1114
2015-10-07,0.0632,0.2581,-0.1949
2015-10-06,-0.1449,0.1145,-0.2594
2015-10-05,-0.2832,0.0048,-0.28800000000000003
2015-10-02,-0.4729,-0.1837,-0.2892
2015-10-01,-0.5767,-0.3334,-0.2433
2015-09-30,-0.5920000000000001,-0.4320000000000001,-0.1599
2015-09-29,-0.5957,-0.5438,-0.0519
2015-09-28,-0.4533,-0.5373,0.084
2015-09-25,-0.21100000000000002,-0.4293,0.2183
2015-09-24,0.0719,-0.2538,0.3257
2015-09-23,0.2567,-0.1325,0.3891
2015-09-22,0.2831,-0.1391,0.4222
2015-09-21,0.3433,-0.1137,0.457
2015-09-18,0.3867,-0.0987,0.4854
2015-09-17,0.4568,-0.0533,0.5101
2015-09-16,0.5284,0.005,0.5234
2015-09-15,0.606,0.0838,0.5222
2015-09-14,0.4315,-0.0698,0.5012
2015-09-11,0.3898,-0.1289,0.5187
2015-09-10,0.3666,-0.1843,0.5509
2015-09-09,0.3988,-0.1982,0.597
2015-09-08,0.4229,-0.2236,0.6466
2015-09-04,0.4344,-0.2681,0.7025
2015-09-03,0.5689,-0.2006,0.7695
2015-09-02,0.6468,-0.1728,0.8196
2015-09-01,0.6920000000000001,-0.1708,0.8628
2015-08-31,0.8191,-0.0865,0.9055
2015-08-28,0.838,-0.0892,0.9272
2015-08-27,0.8734,-0.0761,0.9494
2015-08-26,0.8936,-0.0749,0.9685
2015-08-25,0.9298,-0.0573,0.9872
2015-08-24,1.0929,0.0914,1.0015
2015-08-21,1.2301,0.2515,0.9787
2015-08-20,1.3396,0.4238,0.9158
2015-08-19,1.4109,0.601,0.8099
2015-08-18,1.3124,0.6528,0.6596
2015-08-17,1.1747,0.6783,0.4964
2015-08-14,0.8892,0.5623,0.3269
2015-08-13,0.7725,0.5862,0.1863
2015-08-12,0.6602,0.6205,0.0397
2015-08-11,0.5419,0.6573,-0.1154
2015-08-10,0.3351,0.6148,-0.2797
2015-08-07,0.0928,0.5262,-0.4334
2015-08-06,-0.1832,0.3818,-0.565
2015-08-05,-0.48700000000000004,0.1735,-0.6605
2015-08-04,-0.9583,-0.2545,-0.7038
2015-08-03,-0.9553,-0.3151,-0.6402
2015-07-31,-0.8756,-0.3142,-0.5614
2015-07-30,-0.8181,-0.3352,-0.4829
2015-07-29,-0.7551,-0.3561,-0.3991
2015-07-28,-0.6374,-0.3273,-0.3101
2015-07-27,-0.4075,-0.1793,-0.2282
2015-07-24,-0.1418,0.0416,-0.1834
2015-07-23,-0.0196,0.1742,-0.1938
2015-07-22,-0.0872,0.1501,-0.2374
2015-07-21,-0.1489,0.126,-0.2749
2015-07-20,-0.2092,0.0972,-0.3064
2015-07-17,-0.3003,0.0304,-0.3307
2015-07-16,-0.3452,-0.0068,-0.3383
2015-07-15,-0.4024,-0.0658,-0.3366
2015-07-14,-0.4391,-0.11900000000000001,-0.3201
2015-07-13,-0.5081,-0.2176,-0.2904
2015-07-10,-0.5337,-0.2977,-0.23600000000000002
2015-07-09,-0.5485,-0.3869,-0.1616
2015-07-08,-0.5329,-0.46799999999999997,-0.0649
2015-07-07,-0.4166,-0.4688,0.0521
2015-07-06,-0.2816,-0.4509,0.1693
2015-07-02,-0.2018,-0.4838,0.2821
2015-07-01,-0.0522,-0.4552,0.40299999999999997
2015-06-30,0.0936,-0.4232,0.5168
2015-06-29,0.312,-0.3107,0.6226
2015-06-26,0.5627,-0.1376,0.7003
2015-06-25,0.7351,0.0004,0.7347
2015-06-24,0.7795,0.0449,0.7346
2015-06-23,0.888,0.1646,0.7234
2015-06-22,0.877,0.1948,0.6822
2015-06-19,0.8238,0.1903,0.6335
2015-06-18,0.8091,0.2232,0.5859
2015-06-17,0.7124,0.1823,0.5301
2015-06-16,0.6,0.1154,0.4846
2015-06-15,0.4386,-0.0172,0.4557
2015-06-12,0.4044,-0.0557,0.46
2015-06-11,0.4129,-0.0611,0.4739
2015-06-10,0.434,-0.0552,0.4892
2015-06-09,0.4272,-0.0758,0.503
2015-06-08,0.4092,-0.1127,0.5219
2015-06-05,0.3559,-0.1942,0.5501
2015-06-04,0.3743,-0.2244,0.5987
2015-06-03,0.4096,-0.2452,0.6548
2015-06-02,0.4386,-0.2775,0.7161
2015-06-01,0.4641,-0.3214,0.7855
2015-05-29,0.5539999999999999,-0.3118,0.8658
2015-05-28,0.6597,-0.284,0.9437
2015-05-27,0.7902,-0.2246,1.0148
2015-05-26,0.8963,-0.1746,1.0709
2015-05-22,1.0207,-0.0938,1.1146
2015-05-21,1.1138,-0.0242,1.138
2015-05-20,1.1614,0.0173,1.1441
2015-05-19,1.247,0.1073,1.1397
2015-05-18,1.3514,0.2385,1.1129
2015-05-15,1.4976,0.4443,1.0533
2015-05-14,1.6685,0.7262,0.9422
2015-05-13,1.4601,0.6995,0.7606
2015-05-12,1.2839,0.6982,0.5858
2015-05-11,0.9589,0.5477,0.4112
2015-05-08,0.5974,0.32299999999999995,0.2743
2015-05-07,0.3909,0.1973,0.1936
2015-05-06,0.1593,0.0151,0.1442
2015-05-05,0.0936,-0.0468,0.1405
2015-05-04,0.1835,0.0314,0.1522
2015-05-01,0.1296,-0.0147,0.1443
2015-04-30,0.1638,0.0159,0.14800000000000002
2015-04-29,0.2377,0.0937,0.14400000000000002
2015-04-28,0.2501,0.1295,0.1206
2015-04-27,0.2083,0.1201,0.0882
2015-04-24,0.2232,0.165,0.0582
2015-04-23,0.1678,0.1508,0.017
2015-04-22,0.0803,0.10099999999999999,-0.0207
2015-04-21,-0.0224,0.0236,-0.046
2015-04-20,-0.1694,-0.1175,-0.0519
2015-04-17,-0.2619,-0.2394,-0.0225
2015-04-16,-0.1634,-0.2007,0.0373
2015-04-15,-0.1075,-0.195,0.0875
2015-04-14,-0.0631,-0.1994,0.1362
2015-04-13,0.0565,-0.1296,0.1861
2015-04-10,0.1086,-0.1099,0.2185
2015-04-09,0.14300000000000002,-0.10300000000000001,0.2459
2015-04-08,0.1644,-0.1073,0.2717
2015-04-07,0.1578,-0.1407,0.2985
2015-04-06,0.1389,-0.1948,0.3337
2015-04-02,0.1525,-0.2299,0.3824
2015-04-01,0.2154,-0.2244,0.4398
2015-03-31,0.2764,-0.2195,0.4959
2015-03-30,0.3095,-0.2413,0.5508
2015-03-27,0.3441,-0.267,0.6111
2015-03-26,0.4088,-0.2691,0.6779
2015-03-25,0.4864,-0.2588,0.7452
2015-03-24,0.7168,-0.09300000000000001,0.8099
2015-03-23,0.8835,0.0503,0.8331
2015-03-20,0.9234,0.1029,0.8206
2015-03-19,0.902,0.1071,0.7948
2015-03-18,0.725,-0.043,0.7681
2015-03-17,0.5792,-0.1996,0.7788
2015-03-16,0.5426,-0.2862,0.8287
2015-03-13,0.5612,-0.3391,0.9003
2015-03-12,0.6327,-0.3523,0.985
2015-03-11,0.667,-0.4061,1.0731
2015-03-10,0.7398,-0.4349,1.1746
2015-03-09,0.884,-0.3994,1.2834
2015-03-06,1.0786,-0.3046,1.3832
2015-03-05,1.1576,-0.3017,1.4593
2015-03-04,1.2223,-0.3125,1.5348
2015-03-03,1.3593,-0.2536,1.6129
2015-03-02,1.4859,-0.1904,1.6763
2015-02-27,1.6309,-0.0929,1.7239
2015-02-26,1.7914,0.0443,1.7471
2015-02-25,1.8723,0.1363,1.736
2015-02-24,1.9382,0.2363,1.702
2015-02-23,1.9687,0.3258,1.6429
2015-02-20,2.0075,0.446,1.5615
2015-02-19,1.9402,0.4902,1.45
2015-02-18,1.8648,0.5374,1.3274
2015-02-17,1.8188,0.6257,1.1931
2015-02-13,1.6389,0.6023,1.0366
2015-02-12,1.5067,0.6206,0.8861
2015-02-11,1.2437,0.5128,0.7309
2015-02-10,1.0559,0.4532,0.6027
2015-02-09,0.7754,0.28600000000000003,0.4894
2015-02-06,0.6037,0.1858,0.4179
2015-02-05,0.5498,0.1783,0.3714
2015-02-04,0.4781,0.1512,0.3269
2015-02-03,0.4733,0.1842,0.2891
2015-02-02,0.4094,0.1664,0.243
2015-01-30,0.4735,0.2721,0.2014
2015-01-29,0.5404,0.40700000000000003,0.1334
2015-01-28,0.4927,0.4611,0.0316
2015-01-27,0.2861,0.3698,-0.0837
2015-01-26,0.0834,0.2595,-0.1761
2015-01-23,-0.1041,0.1368,-0.24100000000000002
2015-01-22,-0.3044,-0.0292,-0.2752
2015-01-21,-0.4782,-0.2103,-0.2679
2015-01-20,-0.5891,-0.3738,-0.2153
2015-01-16,-0.5166,-0.3947,-0.1219
2015-01-15,-0.4419,-0.4187,-0.0232
2015-01-14,-0.3523,-0.4338,0.0815
2015-01-13,-0.1891,-0.379,0.1899
2015-01-12,-0.0218,-0.3065,0.2847
2015-01-09,0.083,-0.2783,0.3613
2015-01-08,0.1393,-0.2916,0.4309
2015-01-07,0.1083,-0.3954,0.5038
2015-01-06,0.1772,-0.4254,0.6026
2015-01-05,0.3419,-0.3671,0.7090000000000001
2015-01-02,0.484,-0.3167,0.8008
2014-12-31,0.5688,-0.3111,0.88
2014-12-30,0.6413,-0.3165,0.9577
2014-12-29,0.7509,-0.28600000000000003,1.0369
2014-12-26,0.8625,-0.2458,1.1084
2014-12-24,0.9477,-0.2221,1.1698
2014-12-23,1.062,-0.1634,1.2254
2014-12-22,1.1028,-0.1634,1.2662
2014-12-19,1.0309,-0.2761,1.3071
2014-12-18,1.0484,-0.3277,1.3761
2014-12-17,1.0178,-0.4402,1.4580000000000002
2014-12-16,0.9914,-0.5766,1.5681
2014-12-15,1.0167,-0.6956,1.7122
2014-12-12,1.2733,-0.6128,1.8861
2014-12-11,1.56,-0.4793,2.0393
2014-12-10,1.7831,-0.376,2.1591
2014-12-09,1.9452,-0.3079,2.2531
2014-12-08,2.0423,-0.2877,2.3301
2014-12-05,2.2354,-0.1667,2.4019999999999997
2014-12-04,2.3566,-0.0871,2.4437
2014-12-03,2.4831,0.0176,2.4655
2014-12-02,2.6441,0.1831,2.4611
2014-12-01,2.7419,0.3267,2.4153
2014-11-28,2.7475,0.4139,2.3336
2014-11-26,2.677,0.4468,2.2302
2014-11-25,2.5948,0.4764,2.1185
2014-11-24,2.5143,0.515,1.9994
2014-11-21,2.3964,0.5258,1.8706
2014-11-20,2.2661,0.5269,1.7392
2014-11-19,2.1512,0.5438,1.6074
2014-11-18,2.0151,0.5436,1.4715
2014-11-17,1.8986,0.563,1.3356
2014-11-14,1.7212,0.5263,1.1949
2014-11-13,1.5879,0.5246,1.0633
2014-11-12,1.5057,0.5735,0.9321
2014-11-11,1.4043,0.6155,0.7887
2014-11-10,1.2391,0.6042,0.6349
2014-11-07,1.0541,0.5703,0.4838
2014-11-06,0.8688,0.5275,0.3412
2014-11-05,0.6023,0.3929,0.2093
2014-11-04,0.2982,0.1871,0.1111
2014-11-03,0.2539,0.1896,0.0643
2014-10-31,0.1989,0.1819,0.0169
2014-10-30,0.1186,0.1471,-0.0285
2014-10-29,0.0469,0.1122,-0.0653
2014-10-28,0.022000000000000002,0.1154,-0.0934
2014-10-27,-0.0244,0.0978,-0.1222
2014-10-24,-0.0487,0.098,-0.1467
2014-10-23,-0.0728,0.0984,-0.1712
2014-10-22,-0.1046,0.0912,-0.1958
2014-10-21,-0.1385,0.08,-0.2186
2014-10-20,-0.1992,0.0394,-0.2386
2014-10-17,-0.2401,0.0083,-0.2484
2014-10-16,-0.298,-0.0475,-0.2505
2014-10-15,-0.4012,-0.1625,-0.2386
2014-10-14,-0.4761,-0.2781,-0.198
2014-10-13,-0.4406,-0.3122,-0.1285
2014-10-10,-0.3828,-0.3324,-0.0504
2014-10-09,-0.2933,-0.326,0.0327
2014-10-08,-0.1747,-0.2889,0.1142
2014-10-07,-0.1023,-0.2887,0.1864
2014-10-06,-0.0166,-0.2751,0.2586
2014-10-03,0.0534,-0.27399999999999997,0.3274
2014-10-02,0.0992,-0.2967,0.3959
2014-10-01,0.1837,-0.2863,0.47
2014-09-30,0.3092,-0.2324,0.5416
2014-09-29,0.4181,-0.1816,0.5997
2014-09-26,0.5153,-0.1298,0.6451
2014-09-25,0.6004,-0.0771,0.6775
2014-09-24,0.7237,0.0269,0.6968
2014-09-23,0.7249,0.0348,0.6901
2014-09-22,0.7281,0.0467,0.6814
2014-09-19,0.7237,0.054000000000000006,0.6697
2014-09-18,0.6352,-0.021,0.6562
2014-09-17,0.6087,-0.0527,0.6615
2014-09-16,0.5987,-0.076,0.6746
2014-09-15,0.5608,-0.1328,0.6936
2014-09-12,0.5787,-0.1481,0.7268
2014-09-11,0.5341,-0.2298,0.7638
2014-09-10,0.5752,-0.2461,0.8213
2014-09-09,0.6539,-0.2289,0.8828
2014-09-08,0.7704,-0.1696,0.94
2014-09-05,0.8793,-0.1031,0.9824
2014-09-04,1.0015,-0.0067,1.0082
2014-09-03,1.1204,0.1105,1.0099
2014-09-02,1.1847,0.2024,0.9823
2014-08-29,1.1751,0.2434,0.9317
2014-08-28,1.1621,0.2913,0.8708
2014-08-27,1.1327,0.3347,0.7979999999999999
2014-08-26,1.0685,0.3542,0.7143
2014-08-25,0.9639,0.3382,0.6257
2014-08-22,0.8978,0.3566,0.5412
2014-08-21,0.7801,0.32799999999999996,0.452
2014-08-20,0.7111,0.341,0.37
2014-08-19,0.691,0.4062,0.2848
2014-08-18,0.6127,0.4294,0.1832
2014-08-15,0.4773,0.4014,0.0759
2014-08-14,0.2578,0.2823,-0.0245
2014-08-13,0.1348,0.2298,-0.095
2014-08-12,0.0277,0.1802,-0.1525
2014-08-11,-0.0218,0.1758,-0.1975
2014-08-08,-0.0866,0.1549,-0.2415
2014-08-07,-0.1346,0.1457,-0.2802
2014-08-06,-0.2182,0.0984,-0.3166
2014-08-05,-0.3228,0.0184,-0.3412
2014-08-04,-0.3152,0.0306,-0.3458
2014-08-01,-0.3213,0.0322,-0.3535
2014-07-31,-0.3203,0.0412,-0.3615
2014-07-30,-0.3276,0.0442,-0.3719
2014-07-29,-0.3546,0.0283,-0.3829
2014-07-28,-0.3716,0.0183,-0.39
2014-07-25,-0.3961,-0.0016,-0.3946
2014-07-24,-0.4257,-0.0315,-0.3942
2014-07-23,-0.4573,-0.071,-0.3863
2014-07-22,-0.4746,-0.1061,-0.3686
2014-07-21,-0.4675,-0.1254,-0.342
2014-07-18,-0.4678,-0.1571,-0.3107
2014-07-17,-0.4309,-0.1595,-0.2714
2014-07-16,-0.3704,-0.1389,-0.2315
2014-07-15,-0.3326,-0.1358,-0.1968
2014-07-14,-0.2917,-0.1288,-0.1628
2014-07-11,-0.2678,-0.1372,-0.1306
2014-07-10,-0.207,-0.1107,-0.0963
2014-07-09,-0.1539,-0.0852,-0.0687
2014-07-08,-0.0961,-0.0487,-0.0473
2014-07-07,-0.0219,0.0133,-0.0352
2014-07-03,0.0131,0.0516,-0.0385
2014-07-02,-0.0097,0.0417,-0.0514
2014-07-01,0.0051,0.0669,-0.0618
2014-06-30,-0.0116,0.0669,-0.0785
2014-06-27,-0.0319,0.0634,-0.0952
2014-06-26,0.0049,0.11599999999999999,-0.1111
2014-06-25,-0.0236,0.1165,-0.1401
2014-06-24,-0.0596,0.1096,-0.1692
2014-06-23,-0.1027,0.094,-0.1966
2014-06-20,-0.15,0.0701,-0.2201
2014-06-19,-0.1553,0.0823,-0.2376
2014-06-18,-0.1772,0.081,-0.2582
2014-06-17,-0.1903,0.0882,-0.2785
2014-06-16,-0.1869,0.1136,-0.3005
2014-06-13,-0.2247,0.1042,-0.3289
2014-06-12,-0.2248,0.1301,-0.355
2014-06-11,-0.2187,0.1688,-0.3875
2014-06-10,-0.2576,0.1721,-0.4297
2014-06-09,-0.3004,0.1723,-0.4728
2014-06-06,-0.3721,0.1438,-0.5158
2014-06-05,-0.4388,0.113,-0.5518
2014-06-04,-0.4891,0.0909,-0.58
2014-06-03,-0.5594,0.0434,-0.6028
