date,MACD_Hist,MACD,MACD_Signal
2020-05-29,0.5123,1.3006,0.7883
2020-05-28,0.5706,1.2308,0.6603
2020-05-27,0.5618,1.0794,0.5176
2020-05-26,0.3526,0.7297,0.3772
2020-05-22,0.1897,0.4788,0.289
2020-05-21,0.1776,0.4192,0.2416
2020-05-20,0.1269,0.3241,0.1972
2020-05-19,-0.0071,0.1584,0.1655
2020-05-18,-0.0964,0.0708,0.1672
2020-05-15,-0.3177,-0.1264,0.1913
2020-05-14,-0.2814,-0.0107,0.2708
2020-05-13,-0.2258,0.1153,0.3411
2020-05-12,-0.0177,0.3799,0.3976
2020-05-11,0.1205,0.5225,0.402
2020-05-08,0.1584,0.5303,0.3718
2020-05-07,0.0874,0.4197,0.3322
2020-05-06,0.1383,0.4487,0.3104
2020-05-05,0.2995,0.5753,0.2758
2020-05-04,0.4464,0.6474,0.2009
2020-05-01,0.6425,0.7318,0.0893
2020-04-30,0.8894,0.8181,-0.0713
2020-04-29,0.9318,0.6382,-0.2936
2020-04-28,0.7438,0.2172,-0.5266
2020-04-27,0.6626,-0.0499,-0.7125
2020-04-24,0.5891,-0.2891,-0.8782
2020-04-23,0.6036,-0.4218,-1.0254
2020-04-22,0.6874,-0.489,-1.1764
2020-04-21,0.7897,-0.5585,-1.3482
2020-04-20,1.0059,-0.5397,-1.5456
2020-04-17,1.1135,-0.6835,-1.7971
2020-04-16,1.1266,-0.9489,-2.0755
2020-04-15,1.298,-1.0591,-2.3571
2020-04-14,1.4782,-1.2035,-2.6816
2020-04-13,1.4665,-1.5846,-3.0512
2020-04-09,1.4786,-1.9392,-3.4178
2020-04-08,1.2776,-2.5098,-3.7874
2020-04-07,1.0406,-3.0662,-4.1068
2020-04-06,0.8928,-3.4742,-4.367
2020-04-03,0.6684,-3.9218,-4.5902
2020-04-02,0.7456,-4.0117,-4.7573
2020-04-01,0.7759,-4.1677,-4.9437
2020-03-31,0.8827,-4.255,-5.1377
2020-03-30,0.7661,-4.5922,-5.3583
2020-03-27,0.4873,-5.0625,-5.5499
2020-03-26,0.198,-5.4737,-5.6717
2020-03-25,-0.3845,-6.1057,-5.7212
2020-03-24,-0.8679,-6.4929,-5.6251
2020-03-23,-1.3464,-6.7545,-5.4081
2020-03-20,-1.3943,-6.4658,-5.0715
2020-03-19,-1.4303,-6.1532,-4.7229
2020-03-18,-1.557,-5.9223,-4.3653
2020-03-17,-1.5255,-5.5016,-3.9761
2020-03-16,-1.6356,-5.2302,-3.5947
2020-03-13,-1.3962,-4.582,-3.1858
2020-03-12,-1.5139,-4.3506,-2.8367
2020-03-11,-1.1569,-3.6151,-2.4582
2020-03-10,-1.0456,-3.2146,-2.169
2020-03-09,-1.088,-2.9956,-1.9076
2020-03-06,-0.7853,-2.421,-1.6356
2020-03-05,-0.7615,-2.2008,-1.4393
2020-03-04,-0.7519,-2.0008,-1.2489
2020-03-03,-0.9469,-2.0078,-1.0609
2020-03-02,-0.9535,-1.7777,-0.8242
2020-02-28,-1.0644,-1.6503,-0.5858
2020-02-27,-0.8706,-1.1904,-0.3197
2020-02-26,-0.6307,-0.7328,-0.1021
2020-02-25,-0.4402,-0.3847,0.0556
2020-02-24,-0.1559,0.0098,0.1657
2020-02-21,0.0464,0.2511,0.2046
2020-02-20,0.1143,0.3073,0.193
2020-02-19,0.1172,0.2816,0.1644
2020-02-18,0.1254,0.2605,0.1352
2020-02-14,0.1712,0.275,0.1038
2020-02-13,0.1878,0.2488,0.061
2020-02-12,0.1688,0.1829,0.0141
2020-02-11,0.1046,0.0765,-0.0281
2020-02-10,0.0471,-0.0072,-0.0543
2020-02-07,0.0179,-0.0482,-0.0661
2020-02-06,-0.0085,-0.079,-0.0705
2020-02-05,-0.1244,-0.1928,-0.0684
2020-02-04,-0.2932,-0.3305,-0.0373
2020-02-03,-0.3883,-0.3523,0.036000000000000004
2020-01-31,-0.3816,-0.2486,0.133
2020-01-30,-0.2895,-0.0611,0.2285
2020-01-29,-0.2898,0.011000000000000001,0.3008
2020-01-28,-0.2552,0.1181,0.3733
2020-01-27,-0.2305,0.2066,0.4371
2020-01-24,-0.0998,0.395,0.4947
2020-01-23,-0.0286,0.4911,0.5197
2020-01-22,-0.0331,0.4937,0.5268
2020-01-21,-0.0118,0.5233,0.5351
2020-01-17,0.0181,0.5562,0.5381
2020-01-16,-0.023,0.5106,0.5335
2020-01-15,-0.0654,0.4738,0.5393
2020-01-14,-0.0668,0.4888,0.5556
2020-01-13,-0.092,0.4803,0.5723
2020-01-10,-0.1137,0.4816,0.5953
2020-01-09,-0.1136,0.5102,0.6238
2020-01-08,-0.1373,0.5149,0.6522
2020-01-07,-0.136,0.5505,0.6865
2020-01-06,-0.1113,0.6092,0.7205
2020-01-03,-0.0697,0.6786,0.7483
2020-01-02,-0.0247,0.741,0.7658
2019-12-31,-0.0312,0.7408,0.7719
2019-12-30,-0.0058,0.7739,0.7797
2019-12-27,0.0433,0.8245,0.7812
2019-12-26,0.0731,0.8435,0.7704
2019-12-24,0.0856,0.8377,0.7521
2019-12-23,0.0966,0.8273,0.7307
2019-12-20,0.0962,0.8027,0.7065
2019-12-19,0.0768,0.7593,0.6825
2019-12-18,0.0759,0.7391,0.6633
2019-12-17,0.0679,0.7122,0.6443
2019-12-16,0.0452,0.6725,0.6273
2019-12-13,0.005,0.6211,0.616
2019-12-12,-0.0223,0.5925,0.6148
2019-12-11,-0.1187,0.5017,0.6204
2019-12-10,-0.1458,0.5042,0.65
2019-12-09,-0.1608,0.5257,0.6865
2019-12-06,-0.1868,0.5399,0.7267
2019-12-05,-0.2454,0.5279,0.7734
2019-12-04,-0.2534,0.5814,0.8348
2019-12-03,-0.2449,0.6532,0.8981
2019-12-02,-0.1614,0.7979,0.9593
2019-11-29,-0.1102,0.8894,0.9997
2019-11-27,-0.0912,0.9359999999999999,1.0272
2019-11-26,-0.1048,0.9452,1.05
2019-11-25,-0.107,0.9692,1.0762
2019-11-22,-0.1383,0.9647,1.103
2019-11-21,-0.1207,1.0169,1.1376
2019-11-20,-0.0534,1.1143,1.1677
2019-11-19,0.0159,1.197,1.1811
2019-11-18,0.0478,1.225,1.1771
2019-11-15,0.0717,1.2368,1.1652
2019-11-14,0.0761,1.2234,1.1472
2019-11-13,0.1175,1.2457,1.1282
2019-11-12,0.1735,1.2724,1.0988
2019-11-11,0.2029,1.2584,1.0555
2019-11-08,0.2401,1.2448,1.0048
2019-11-07,0.2489,1.1936,0.9447
2019-11-06,0.2553,1.1379,0.8825
2019-11-05,0.2695,1.0882,0.8187
2019-11-04,0.2477,0.9990000000000001,0.7513
2019-11-01,0.2024,0.8917,0.6894
2019-10-31,0.1848,0.8236,0.6388
2019-10-30,0.2656,0.8582,0.5926
2019-10-29,0.3018,0.828,0.5262
2019-10-28,0.2985,0.7492,0.4507
2019-10-25,0.2754,0.6515,0.3761
2019-10-24,0.252,0.5593,0.3073
2019-10-23,0.2424,0.4866,0.2443
2019-10-22,0.2351,0.4188,0.1837
2019-10-21,0.2021,0.327,0.1249
2019-10-18,0.1608,0.2352,0.0744
2019-10-17,0.1368,0.171,0.0342
2019-10-16,0.1029,0.1029,-0.0
2019-10-15,0.0535,0.0277,-0.0258
2019-10-14,-0.0511,-0.0902,-0.0391
2019-10-11,-0.138,-0.1644,-0.0264
2019-10-10,-0.2686,-0.2605,0.0081
2019-10-09,-0.3365,-0.2612,0.0753
2019-10-08,-0.3638,-0.2044,0.1594
2019-10-07,-0.3148,-0.0644,0.2504
2019-10-04,-0.3432,-0.0142,0.3291
2019-10-03,-0.3784,0.0365,0.4149
2019-10-02,-0.3287,0.1808,0.5095
2019-10-01,-0.1882,0.4035,0.5916
2019-09-30,-0.1074,0.5313,0.6387
2019-09-27,-0.1011,0.5645,0.6655
2019-09-26,-0.057,0.6338,0.6908
2019-09-25,-0.0068,0.6982,0.7051
2019-09-24,0.0389,0.7457,0.7068
2019-09-23,0.1509,0.8479,0.6970000000000001
2019-09-20,0.2231,0.8824,0.6593
2019-09-19,0.3134,0.9169,0.6036
2019-09-18,0.4008,0.9259999999999999,0.5252
2019-09-17,0.4732,0.8982,0.425
2019-09-16,0.5406,0.8473,0.3067
2019-09-13,0.5776,0.7492,0.1716
2019-09-12,0.5942,0.6214,0.0272
2019-09-11,0.594,0.4726,-0.1214
2019-09-10,0.5499,0.28,-0.2699
2019-09-09,0.4908,0.0835,-0.4074
2019-09-06,0.4089,-0.1212,-0.5301
2019-09-05,0.3302,-0.3021,-0.6323
2019-09-04,0.2078,-0.507,-0.7149
2019-09-03,0.1446,-0.6222,-0.7668
2019-08-30,0.1332,-0.6698,-0.8029999999999999
2019-08-29,0.0524,-0.7839,-0.8363
2019-08-28,-0.0504,-0.8997,-0.8494
2019-08-27,-0.09699999999999999,-0.9337,-0.8368
2019-08-26,-0.0875,-0.9,-0.8125
2019-08-23,-0.086,-0.8766,-0.7906
2019-08-22,-0.0085,-0.7777,-0.7692
2019-08-21,-0.0864,-0.8534,-0.767
2019-08-20,-0.1725,-0.9179,-0.7454
2019-08-19,-0.2248,-0.9271,-0.7023
2019-08-16,-0.3434,-0.9895,-0.6461
2019-08-15,-0.4214,-0.9816,-0.5603
2019-08-14,-0.3951,-0.85,-0.4549
2019-08-13,-0.3316,-0.6877,-0.3561
2019-08-12,-0.409,-0.6823,-0.2732
2019-08-09,-0.4026,-0.5736,-0.171
2019-08-08,-0.4553,-0.5257,-0.0703
2019-08-07,-0.5439,-0.5004,0.0435
2019-08-06,-0.5234,-0.344,0.1795
2019-08-05,-0.4711,-0.1608,0.3103
2019-08-02,-0.2872,0.1409,0.4281
2019-08-01,-0.1751,0.3249,0.4999
2019-07-31,-0.0624,0.4813,0.5437
2019-07-30,-0.0261,0.5332,0.5593
2019-07-29,-0.011000000000000001,0.5548,0.5658
2019-07-26,-0.0052,0.5634,0.5686
2019-07-25,-0.0269,0.5429,0.5699
2019-07-24,-0.0227,0.5539,0.5766
2019-07-23,-0.0816,0.5007,0.5823
2019-07-22,-0.1085,0.4942,0.6027
2019-07-19,-0.0861,0.5437,0.6298
2019-07-18,-0.0537,0.5976,0.6513
2019-07-17,-0.0244,0.6403,0.6647
2019-07-16,0.0468,0.7176,0.6708
2019-07-15,0.0613,0.7205,0.6592
2019-07-12,0.0732,0.7171,0.6438
2019-07-11,0.0605,0.6859999999999999,0.6255
2019-07-10,0.0837,0.6941,0.6104
2019-07-09,0.1309,0.7204,0.5895
2019-07-08,0.1745,0.7313,0.5568
2019-07-05,0.2272,0.7403,0.5131
2019-07-03,0.235,0.6913,0.4563
2019-07-02,0.2166,0.6141,0.3976
2019-07-01,0.2158,0.5592,0.3434
2019-06-28,0.17300000000000001,0.4625,0.2895
2019-06-27,0.1497,0.3959,0.2462
2019-06-26,0.1589,0.3677,0.2088
2019-06-25,0.1962,0.3653,0.1691
2019-06-24,0.2691,0.3891,0.12
2019-06-21,0.3093,0.3621,0.0527
2019-06-20,0.3104,0.2858,-0.0246
2019-06-19,0.2762,0.174,-0.1022
2019-06-18,0.2641,0.0929,-0.1713
2019-06-17,0.2414,0.0041,-0.2373
2019-06-14,0.278,-0.0196,-0.2976
2019-06-13,0.2897,-0.0775,-0.3671
2019-06-12,0.2817,-0.1579,-0.4395
2019-06-11,0.2822,-0.2278,-0.51
2019-06-10,0.2308,-0.3497,-0.5805
2019-06-07,0.1438,-0.4944,-0.6382
2019-06-06,0.0499,-0.6242,-0.6741
2019-06-05,-0.055,-0.7416,-0.6866
2019-06-04,-0.1792,-0.8521,-0.6729
2019-06-03,-0.3247,-0.9527,-0.6281
2019-05-31,-0.3448,-0.8917,-0.5469
2019-05-30,-0.3067,-0.7675,-0.4607
2019-05-29,-0.3057,-0.6898,-0.384
2019-05-28,-0.27699999999999997,-0.5846,-0.3076
2019-05-24,-0.2479,-0.4863,-0.2384
2019-05-23,-0.2374,-0.4138,-0.1764
2019-05-22,-0.1912,-0.3083,-0.11699999999999999
2019-05-21,-0.2152,-0.2845,-0.0692
2019-05-20,-0.2872,-0.3026,-0.0154
2019-05-17,-0.2945,-0.2382,0.0564
2019-05-16,-0.3236,-0.1936,0.13
2019-05-15,-0.3823,-0.1714,0.2109
2019-05-14,-0.4037,-0.0972,0.3065
2019-05-13,-0.39899999999999997,0.0084,0.4074
2019-05-10,-0.287,0.2202,0.5072
2019-05-09,-0.27,0.3089,0.5789
2019-05-08,-0.2232,0.4233,0.6464
2019-05-07,-0.1597,0.5425,0.7022
2019-05-06,-0.0706,0.6715,0.7421
2019-05-03,-0.0488,0.711,0.7598
2019-05-02,-0.0661,0.7059,0.772
2019-05-01,-0.0249,0.7636,0.7885
2019-04-30,0.0254,0.8202,0.7947
2019-04-29,0.0461,0.8344,0.7884
2019-04-26,0.0466,0.8235,0.7769
2019-04-25,0.0689,0.8341,0.7652
2019-04-24,0.1059,0.8539,0.748
2019-04-23,0.1199,0.8414,0.7215
2019-04-22,0.1276,0.8191,0.6915
2019-04-18,0.1618,0.8214,0.6596
2019-04-17,0.1766,0.7958,0.6192
2019-04-16,0.1769,0.7519,0.575
2019-04-15,0.1698,0.7006,0.5308
2019-04-12,0.1758,0.6641,0.4884
2019-04-11,0.1433,0.5877,0.4444
2019-04-10,0.1491,0.5576,0.4086
2019-04-09,0.157,0.5283,0.3713
2019-04-08,0.2052,0.5373,0.3321
2019-04-05,0.1853,0.4661,0.2808
2019-04-04,0.1452,0.3796,0.2344
2019-04-03,0.1038,0.302,0.1981
2019-04-02,0.0558,0.228,0.1722
2019-04-01,-0.0051,0.1531,0.1582
2019-03-29,-0.1126,0.0469,0.1595
2019-03-28,-0.1689,0.0188,0.1877
2019-03-27,-0.2031,0.0267,0.2299
2019-03-26,-0.2048,0.0758,0.2807
2019-03-25,-0.2069,0.125,0.3319
2019-03-22,-0.1501,0.2335,0.3836
2019-03-21,-0.0624,0.3587,0.4211
2019-03-20,-0.0931,0.3436,0.4367
2019-03-19,-0.0706,0.3894,0.46
2019-03-18,-0.0973,0.3803,0.4776
2019-03-15,-0.1693,0.3326,0.5019
2019-03-14,-0.2315,0.3128,0.5443
2019-03-13,-0.2888,0.3134,0.6021
2019-03-12,-0.35700000000000004,0.3174,0.6743
2019-03-11,-0.3906,0.373,0.7636
2019-03-08,-0.4095,0.4517,0.8612
2019-03-07,-0.3437,0.6199,0.9636
2019-03-06,-0.2559,0.7936,1.0495
2019-03-05,-0.1872,0.9263,1.1135
2019-03-04,-0.1456,1.0147,1.1603
2019-03-01,-0.0992,1.0975,1.1967
2019-02-28,-0.0731,1.1484,1.2215
2019-02-27,-0.0115,1.2282,1.2397
2019-02-26,0.0336,1.2763,1.2426
2019-02-25,0.0731,1.3073,1.2342
2019-02-22,0.1009,1.3168,1.216
2019-02-21,0.1242,1.3149,1.1907
2019-02-20,0.163,1.3226,1.1597
2019-02-19,0.1601,1.2790000000000001,1.1189
2019-02-15,0.1454,1.2243,1.0789
2019-02-14,0.1158,1.1584,1.0426
2019-02-13,0.1205,1.1342,1.0136
2019-02-12,0.0965,1.08,0.9835
2019-02-11,0.0784,1.0377,0.9594
2019-02-08,0.1184,1.0581,0.9398
2019-02-07,0.1899,1.1001,0.9102
2019-02-06,0.2488,1.1115,0.8627
2019-02-05,0.2713,1.0718,0.8005
2019-02-04,0.2725,1.0052,0.7327
2019-02-01,0.2771,0.9417,0.6646
2019-01-31,0.2964,0.8917,0.5953
2019-01-30,0.3176,0.8388,0.5212
2019-01-29,0.3322,0.7741,0.4418
2019-01-28,0.3714,0.7302,0.3588
2019-01-25,0.4114,0.6773,0.2659
2019-01-24,0.4145,0.5775,0.1631
2019-01-23,0.4461,0.5056,0.0595
2019-01-22,0.5045,0.4525,-0.0521
2019-01-18,0.5724,0.3942,-0.1782
2019-01-17,0.5472,0.2259,-0.3213
2019-01-16,0.5476,0.0895,-0.4581
2019-01-15,0.5479999999999999,-0.047,-0.595
2019-01-14,0.5619,-0.1701,-0.732
2019-01-11,0.5851,-0.2874,-0.8725
2019-01-10,0.5697,-0.4491,-1.0188
2019-01-09,0.5213,-0.6399,-1.1612
2019-01-08,0.4447,-0.8468,-1.2915
2019-01-07,0.3468,-1.0559,-1.4027
2019-01-04,0.2141,-1.2753,-1.4894
2019-01-03,0.0698,-1.4731,-1.5429
2019-01-02,0.0481,-1.5123,-1.5604
2018-12-31,-0.0698,-1.6422,-1.5724
2018-12-28,-0.2109,-1.7659,-1.555
2018-12-27,-0.3444,-1.8467,-1.5022
2018-12-26,-0.499,-1.9151,-1.4161
2018-12-24,-0.65,-1.9413,-1.2914
2018-12-21,-0.5779,-1.7068,-1.1289
2018-12-20,-0.5157,-1.5001,-0.9844
2018-12-19,-0.4439,-1.2993,-0.8555
2018-12-18,-0.4021,-1.1466,-0.7445
2018-12-17,-0.3906,-1.0346,-0.644
2018-12-14,-0.3235,-0.8698,-0.5463
2018-12-13,-0.2788,-0.7442,-0.4655
2018-12-12,-0.2718,-0.6676,-0.3958
2018-12-11,-0.2843,-0.6121,-0.3278
2018-12-10,-0.2242,-0.48100000000000004,-0.2567
2018-12-07,-0.1242,-0.3248,-0.2007
2018-12-06,0.0202,-0.1494,-0.1696
2018-12-04,0.177,0.0023,-0.1747
2018-12-03,0.233,0.0141,-0.2189
2018-11-30,0.1578,-0.1194,-0.2772
2018-11-29,0.1452,-0.1714,-0.3166
2018-11-28,0.0935,-0.2594,-0.3529
2018-11-27,-0.0145,-0.3908,-0.3763
2018-11-26,-0.0499,-0.4226,-0.3727
2018-11-23,-0.0903,-0.4505,-0.3602
2018-11-21,-0.0764,-0.4141,-0.3377
2018-11-20,-0.0485,-0.36700000000000005,-0.3185
2018-11-19,0.0491,-0.2573,-0.3064
2018-11-16,0.1139,-0.2048,-0.3187
2018-11-15,0.1329,-0.2142,-0.3472
2018-11-14,0.2004,-0.18,-0.3804
2018-11-13,0.2929,-0.1376,-0.4305
2018-11-12,0.3684,-0.1353,-0.5037
2018-11-09,0.447,-0.1488,-0.5958
2018-11-08,0.4866,-0.221,-0.7076
2018-11-07,0.4468,-0.3824,-0.8292
2018-11-06,0.3497,-0.5912,-0.9409
2018-11-05,0.2948,-0.7335,-1.0284
2018-11-02,0.2157,-0.8864,-1.1021
2018-11-01,0.1202,-1.0357,-1.156
2018-10-31,-0.0306,-1.2166,-1.186
2018-10-30,-0.2035,-1.3819,-1.1784
2018-10-29,-0.2857,-1.4133,-1.1275
2018-10-26,-0.3079,-1.364,-1.0561
2018-10-25,-0.2835,-1.2626,-0.9791
2018-10-24,-0.3186,-1.2268,-0.9083
2018-10-23,-0.2453,-1.0739,-0.8286
2018-10-22,-0.2623,-1.0296,-0.7673
2018-10-19,-0.271,-0.9727,-0.7017
2018-10-18,-0.2978,-0.9318,-0.634
2018-10-17,-0.3165,-0.8759999999999999,-0.5595
2018-10-16,-0.4156,-0.8959999999999999,-0.4804
2018-10-15,-0.5133,-0.8898,-0.3765
2018-10-12,-0.5306,-0.7788,-0.2482
2018-10-11,-0.4652,-0.5808,-0.1156
2018-10-10,-0.3076,-0.3069,0.0008
2018-10-09,-0.1852,-0.1076,0.0777
2018-10-08,-0.1637,-0.0397,0.124
2018-10-05,-0.1605,0.0044,0.1649
2018-10-04,-0.1316,0.0734,0.205
2018-10-03,-0.1204,0.1175,0.2379
2018-10-02,-0.1262,0.1419,0.268
2018-10-01,-0.1021,0.1975,0.2995
2018-09-28,-0.0786,0.2464,0.3251
2018-09-27,-0.0501,0.2946,0.3447
2018-09-26,-0.0192,0.33799999999999997,0.3572
2018-09-25,-0.0024,0.3597,0.36200000000000004
2018-09-24,0.0277,0.3903,0.3626
2018-09-21,0.0475,0.4032,0.3557
2018-09-20,0.0093,0.3531,0.3438
2018-09-19,-0.0381,0.3034,0.3415
2018-09-18,-0.0678,0.2832,0.35100000000000003
2018-09-17,-0.0892,0.2787,0.368
2018-09-14,-0.0806,0.3097,0.3903
2018-09-13,-0.0989,0.3115,0.4104
2018-09-12,-0.0997,0.3355,0.4352
2018-09-11,-0.086,0.3741,0.4601
2018-09-10,-0.0837,0.3979,0.4816
2018-09-07,-0.0694,0.4331,0.5025
2018-09-06,-0.0316,0.4883,0.5199
2018-09-05,0.0001,0.5279,0.5278
2018-09-04,0.0098,0.5376,0.5277
2018-08-31,0.0207,0.546,0.5253
2018-08-30,0.0532,0.5733,0.5201
2018-08-29,0.08800000000000001,0.5948,0.5068
2018-08-28,0.0765,0.5613,0.4848
2018-08-27,0.0769,0.5426,0.4657
2018-08-24,0.0494,0.4958,0.4464
2018-08-23,0.0524,0.4865,0.4341
2018-08-22,0.0739,0.4949,0.42100000000000004
2018-08-21,0.0607,0.4632,0.4025
2018-08-20,0.016,0.4034,0.3874
2018-08-17,-0.0164,0.36700000000000005,0.3834
2018-08-16,-0.0399,0.3475,0.3875
2018-08-15,-0.0565,0.341,0.3974
2018-08-14,-0.0243,0.3873,0.4116
2018-08-13,-0.0302,0.3874,0.4176
2018-08-10,0.0254,0.4506,0.4252
2018-08-09,0.0642,0.483,0.4189
2018-08-08,0.0657,0.4685,0.4028
2018-08-07,0.0675,0.4538,0.3864
2018-08-06,0.0699,0.4394,0.3695
2018-08-03,0.0624,0.4145,0.35200000000000004
2018-08-02,0.0496,0.386,0.3364
2018-08-01,0.0468,0.3709,0.324
2018-07-31,0.0681,0.3804,0.3123
2018-07-30,0.0653,0.3606,0.2953
2018-07-27,0.0746,0.3536,0.27899999999999997
2018-07-26,0.0857,0.3461,0.2604
2018-07-25,0.0566,0.2955,0.2389
2018-07-24,0.0732,0.298,0.2248
2018-07-23,0.0854,0.2919,0.2065
2018-07-20,0.0947,0.2798,0.1851
2018-07-19,0.1123,0.2738,0.1615
2018-07-18,0.1261,0.2595,0.1334
2018-07-17,0.0927,0.1945,0.1018
2018-07-16,0.07400000000000001,0.1527,0.0787
2018-07-13,0.0731,0.1333,0.0602
2018-07-12,0.0736,0.1155,0.0419
2018-07-11,0.0645,0.08800000000000001,0.0235
2018-07-10,0.0224,0.0298,0.0074
2018-07-09,-0.0466,-0.0449,0.0018
2018-07-06,-0.141,-0.1275,0.0134
2018-07-05,-0.2056,-0.157,0.0487
2018-07-03,-0.2321,-0.132,0.1001
2018-07-02,-0.2609,-0.1028,0.1581
2018-06-29,-0.2676,-0.0443,0.2233
2018-06-28,-0.2739,0.0163,0.2902
2018-06-27,-0.2058,0.1528,0.3587
2018-06-26,-0.1565,0.2536,0.4101
2018-06-25,-0.1041,0.3451,0.4492
2018-06-22,-0.0185,0.4568,0.4753
2018-06-21,-0.008,0.4719,0.4799
2018-06-20,0.0152,0.4971,0.4819
2018-06-19,0.0187,0.4968,0.4781
2018-06-18,0.0751,0.5485,0.4734
2018-06-15,0.109,0.5636,0.4547
2018-06-14,0.1343,0.5617,0.4274
2018-06-13,0.1442,0.5379999999999999,0.3939
2018-06-12,0.1428,0.5006,0.3578
2018-06-11,0.11699999999999999,0.4391,0.3221
2018-06-08,0.1111,0.4039,0.2929
2018-06-07,0.08800000000000001,0.3531,0.2651
2018-06-06,0.0478,0.2909,0.2431
2018-06-05,-0.019,0.2121,0.2312
2018-06-04,-0.0643,0.1716,0.2359
2018-06-01,-0.073,0.179,0.252
2018-05-31,-0.0845,0.1857,0.2702
2018-05-30,-0.0472,0.2442,0.2914
2018-05-29,-0.0468,0.2563,0.3032
2018-05-25,0.0511,0.366,0.3149
2018-05-24,0.0739,0.376,0.3021
2018-05-23,0.0997,0.3834,0.2836
2018-05-22,0.1627,0.4214,0.2587
2018-05-21,0.1737,0.3917,0.218
2018-05-18,0.1753,0.3499,0.1746
2018-05-17,0.1997,0.3305,0.1308
2018-05-16,0.2062,0.287,0.0808
2018-05-15,0.1982,0.2275,0.0293
2018-05-14,0.1947,0.1744,-0.0203
2018-05-11,0.1596,0.0907,-0.069
2018-05-10,0.1142,0.0054,-0.1089
2018-05-09,0.0576,-0.0798,-0.1374
2018-05-08,0.0122,-0.1396,-0.1518
2018-05-07,-0.0012,-0.1561,-0.1549
2018-05-04,-0.0284,-0.183,-0.1546
2018-05-03,-0.0439,-0.1914,-0.1475
2018-05-02,0.0093,-0.1272,-0.1365
2018-05-01,0.0418,-0.09699999999999999,-0.1388
2018-04-30,0.0953,-0.054000000000000006,-0.1493
2018-04-27,0.11800000000000001,-0.0551,-0.1731
2018-04-26,0.1198,-0.0828,-0.2026
2018-04-25,0.1199,-0.1126,-0.2325
2018-04-24,0.1608,-0.1017,-0.2625
2018-04-23,0.1739,-0.1288,-0.3027
2018-04-20,0.1648,-0.1814,-0.3462
2018-04-19,0.2009,-0.1865,-0.3874
2018-04-18,0.1938,-0.2438,-0.4376
2018-04-17,0.1327,-0.3534,-0.486
2018-04-16,0.0759,-0.4432,-0.5192
2018-04-13,0.0777,-0.4605,-0.5382
2018-04-12,0.0818,-0.4758,-0.5576
2018-04-11,0.0375,-0.5405,-0.578
2018-04-10,0.0237,-0.5637,-0.5874
2018-04-09,-0.0209,-0.6142,-0.5933
2018-04-06,-0.0729,-0.6609999999999999,-0.5881
2018-04-05,-0.0692,-0.6391,-0.5699
2018-04-04,-0.1768,-0.7294,-0.5526
2018-04-03,-0.2588,-0.7672,-0.5084
2018-04-02,-0.2992,-0.7429,-0.4437
2018-03-29,-0.2511,-0.62,-0.3689
2018-03-28,-0.284,-0.5901,-0.3061
2018-03-27,-0.2691,-0.5042,-0.2351
2018-03-26,-0.253,-0.4209,-0.1678
2018-03-23,-0.2524,-0.35700000000000004,-0.1046
2018-03-22,-0.0992,-0.1407,-0.0415
2018-03-21,-0.0417,-0.0583,-0.0167
2018-03-20,-0.0279,-0.0342,-0.0063
2018-03-19,-0.0101,-0.0094,0.0007
2018-03-16,0.0534,0.0566,0.0032
2018-03-15,0.063,0.0529,-0.0101
2018-03-14,0.115,0.0891,-0.0259
2018-03-13,0.1586,0.10400000000000001,-0.0546
2018-03-12,0.1452,0.0509,-0.0943
2018-03-09,0.1059,-0.0247,-0.1306
2018-03-08,0.0313,-0.1257,-0.157
2018-03-07,0.0196,-0.1452,-0.1649
2018-03-06,-0.0049,-0.1747,-0.1698
2018-03-05,-0.0518,-0.2204,-0.1686
2018-03-02,-0.0966,-0.2522,-0.1556
2018-03-01,-0.0409,-0.1724,-0.1314
2018-02-28,0.044000000000000004,-0.0772,-0.1212
2018-02-27,0.0642,-0.068,-0.1322
2018-02-26,0.0512,-0.09699999999999999,-0.1483
2018-02-23,-0.0288,-0.1899,-0.1611
2018-02-22,-0.0625,-0.2164,-0.1539
2018-02-21,-0.0535,-0.1917,-0.1382
2018-02-20,-0.1209,-0.2458,-0.1249
2018-02-16,-0.17,-0.2646,-0.0946
2018-02-15,-0.2783,-0.3304,-0.0521
2018-02-14,-0.4076,-0.3902,0.0174
2018-02-13,-0.5559,-0.4366,0.1193
2018-02-12,-0.6376,-0.3793,0.2583
2018-02-09,-0.7048,-0.2871,0.4177
2018-02-08,-0.6712,-0.0773,0.5939
2018-02-07,-0.5702,0.1916,0.7617
2018-02-06,-0.5819,0.3223,0.9043
2018-02-05,-0.507,0.5427,1.0498
2018-02-02,-0.2738,0.9027,1.1765
2018-02-01,-0.1659,1.0791,1.245
2018-01-31,-0.1041,1.1823,1.2864
2018-01-30,-0.0317,1.2807,1.3125
2018-01-29,0.0687,1.3891,1.3204
2018-01-26,0.0978,1.401,1.3032
2018-01-25,0.1181,1.3968,1.2788
2018-01-24,0.1733,1.4226,1.2492
2018-01-23,0.1978,1.4037,1.2059
2018-01-22,0.1911,1.3476,1.1565
2018-01-19,0.1787,1.2873,1.1087
2018-01-18,0.1705,1.2345,1.064
2018-01-17,0.1869,1.2083,1.0214
2018-01-16,0.1739,1.1485,0.9747
2018-01-12,0.1777,1.1089,0.9312
2018-01-11,0.1167,1.0034,0.8868
2018-01-10,0.0791,0.9367,0.8576
2018-01-09,0.0632,0.9009999999999999,0.8378
2018-01-08,0.0319,0.8540000000000001,0.8220000000000001
2018-01-05,0.0049,0.8189,0.8141
2018-01-04,-0.0297,0.7831,0.8128
2018-01-03,-0.0496,0.7706,0.8203
2018-01-02,-0.06,0.7726,0.8327
2017-12-29,-0.0561,0.7916,0.8477
2017-12-28,-0.0249,0.8368,0.8617
2017-12-27,-0.0041,0.8639,0.868
2017-12-26,0.0237,0.8927,0.8690000000000001
2017-12-22,0.0446,0.9077,0.8631
2017-12-21,0.0696,0.9215,0.8519
2017-12-20,0.0764,0.9109,0.8345
2017-12-19,0.0916,0.907,0.8154
2017-12-18,0.09699999999999999,0.8895,0.7925
2017-12-15,0.0898,0.8581,0.7683
2017-12-14,0.1042,0.8501,0.7458
2017-12-13,0.1435,0.8632,0.7198
2017-12-12,0.1742,0.8581,0.6839
2017-12-11,0.1782,0.8185,0.6403
2017-12-08,0.1871,0.7828,0.5958
2017-12-07,0.1717,0.7207,0.5489999999999999
2017-12-06,0.2008,0.7069,0.5061
2017-12-05,0.223,0.6789,0.4559
2017-12-04,0.2273,0.6275,0.4002
2017-12-01,0.1575,0.5008,0.3433
2017-11-30,0.1476,0.4515,0.3039
2017-11-29,0.115,0.382,0.2671
2017-11-28,0.0495,0.2878,0.2383
2017-11-27,0.0201,0.2461,0.2259
2017-11-24,0.0251,0.24600000000000002,0.2209
2017-11-22,0.0272,0.2419,0.2146
2017-11-21,0.0181,0.2259,0.2078
2017-11-20,-0.0011,0.2022,0.2033
2017-11-17,-0.0227,0.1808,0.2036
2017-11-16,-0.0584,0.1509,0.2092
2017-11-15,-0.1022,0.1216,0.2238
2017-11-14,-0.1052,0.1442,0.2494
2017-11-13,-0.1144,0.1613,0.2757
2017-11-10,-0.1226,0.1817,0.3043
2017-11-09,-0.1077,0.2272,0.3349
2017-11-08,-0.0799,0.282,0.3618
2017-11-07,-0.0734,0.3084,0.3818
2017-11-06,-0.0597,0.3405,0.4002
2017-11-03,-0.0742,0.3409,0.4151
2017-11-02,-0.0702,0.3634,0.4336
2017-11-01,-0.0596,0.3916,0.4512
2017-10-31,-0.0473,0.4188,0.4661
2017-10-30,-0.0305,0.4475,0.4779
2017-10-27,-0.0071,0.4784,0.4855
2017-10-26,0.0206,0.508,0.4873
2017-10-25,0.0278,0.5099,0.4821
2017-10-24,0.0299,0.5051,0.4752
2017-10-23,0.0238,0.4915,0.4677
2017-10-20,0.0053,0.4671,0.4618
2017-10-19,-0.0238,0.4367,0.4604
2017-10-18,-0.0173,0.4491,0.4664
2017-10-17,-0.0245,0.4462,0.4707
2017-10-16,-0.0189,0.45799999999999996,0.4768
2017-10-13,-0.0056,0.4759,0.4815
2017-10-12,0.0109,0.4939,0.4829
2017-10-11,0.0356,0.5158,0.4802
2017-10-10,0.0616,0.5329999999999999,0.4713
2017-10-09,0.0912,0.5471,0.4559
2017-10-06,0.1078,0.5409,0.4331
2017-10-05,0.1188,0.525,0.4062
2017-10-04,0.138,0.5145,0.3765
2017-10-03,0.1458,0.4877,0.342
2017-10-02,0.1458,0.4514,0.3055
2017-09-29,0.1293,0.3984,0.26899999999999996
2017-09-28,0.1161,0.3528,0.2367
2017-09-27,0.1186,0.3263,0.2077
2017-09-26,0.1097,0.2878,0.1781
2017-09-25,0.1018,0.2524,0.1506
2017-09-22,0.1097,0.2349,0.1252
2017-09-21,0.1209,0.2186,0.0977
2017-09-20,0.1271,0.1947,0.0675
2017-09-19,0.1429,0.1787,0.0357
2017-09-18,0.1556,0.1556,0.0
2017-09-15,0.1537,0.1148,-0.0389
2017-09-14,0.14400000000000002,0.0667,-0.0773
2017-09-13,0.1176,0.0043,-0.1133
2017-09-12,0.0673,-0.0754,-0.1427
2017-09-11,0.0281,-0.1315,-0.1595
2017-09-08,-0.0346,-0.2011,-0.1665
2017-09-07,-0.0409,-0.1988,-0.1579
2017-09-06,-0.0453,-0.193,-0.1476
2017-09-05,-0.0464,-0.1827,-0.1363
2017-09-01,-0.0422,-0.1669,-0.1247
2017-08-31,-0.0705,-0.1847,-0.1142
2017-08-30,-0.10800000000000001,-0.2046,-0.0966
2017-08-29,-0.124,-0.1935,-0.0695
2017-08-28,-0.13699999999999998,-0.1756,-0.0385
2017-08-25,-0.1459,-0.1502,-0.0043
2017-08-24,-0.1477,-0.1155,0.0322
2017-08-23,-0.1387,-0.0696,0.0691
2017-08-22,-0.1138,-0.01,0.1038
2017-08-21,-0.066,0.0662,0.1322
2017-08-18,-0.0754,0.0733,0.1487
2017-08-17,-0.0862,0.0814,0.1676
2017-08-16,-0.0986,0.0905,0.1891
2017-08-15,-0.113,0.1008,0.2138
2017-08-14,-0.1243,0.1177,0.242
2017-08-11,-0.1292,0.1439,0.2731
2017-08-10,-0.0808,0.2246,0.3054
2017-08-09,-0.0056,0.32,0.3256
2017-08-08,0.0008,0.3278,0.327
2017-08-07,0.0062,0.33299999999999996,0.3268
2017-08-04,0.0192,0.3444,0.3253
2017-08-03,0.0335,0.3539,0.3205
2017-08-02,0.0578,0.3699,0.3121
2017-08-01,0.0716,0.3692,0.2976
2017-07-31,0.0833,0.363,0.2797
2017-07-28,0.1024,0.3613,0.2589
2017-07-27,0.1106,0.3439,0.2333
2017-07-26,0.1111,0.3168,0.2057
2017-07-25,0.0996,0.2775,0.1779
2017-07-24,0.0888,0.2419,0.153
2017-07-21,0.0884,0.2192,0.1308
2017-07-20,0.0784,0.1871,0.1087
2017-07-19,0.0634,0.1525,0.0891
2017-07-18,0.0042,0.0774,0.0733
2017-07-17,-0.0511,0.0211,0.0722
2017-07-14,-0.1733,-0.0883,0.085
2017-07-13,-0.32899999999999996,-0.2006,0.1283
2017-07-12,-0.0578,0.1528,0.2106
2017-07-11,-0.0442,0.1808,0.225
2017-07-10,-0.0222,0.2139,0.2361
2017-07-07,-0.0058,0.2359,0.2416
2017-07-06,0.003,0.2461,0.2431
2017-07-05,0.0,0.2423,0.2423
2017-07-03,-0.0084,0.2339,0.2423
2017-06-30,-0.0005,0.2439,0.2444
2017-06-29,0.0085,0.253,0.2445
2017-06-28,0.0186,0.261,0.2424
2017-06-27,-0.002,0.2358,0.2378
2017-06-26,0.0021,0.2404,0.2383
2017-06-23,0.005,0.2427,0.2378
2017-06-22,0.034,0.2705,0.2365
2017-06-21,0.04,0.268,0.228
2017-06-20,0.0429,0.2609,0.218
2017-06-19,0.0408,0.2481,0.2073
2017-06-16,0.0562,0.2533,0.1971
2017-06-15,0.0733,0.2563,0.183
2017-06-14,0.0798,0.2445,0.1647
2017-06-13,0.0674,0.2121,0.1447
2017-06-12,0.0398,0.1677,0.1279
2017-06-09,0.0393,0.1573,0.1179
2017-06-08,0.0336,0.1417,0.1081
2017-06-07,0.0444,0.1441,0.0997
2017-06-06,0.0612,0.1498,0.0886
2017-06-05,0.0859,0.1593,0.0733
2017-06-02,0.0817,0.1335,0.0518
2017-06-01,0.053,0.0844,0.0314
2017-05-31,0.0045,0.0226,0.0182
2017-05-30,0.0018,0.0188,0.017
2017-05-26,-0.0125,0.0041,0.0166
2017-05-25,-0.0501,-0.0304,0.0197
2017-05-24,-0.0582,-0.026000000000000002,0.0322
2017-05-23,-0.0668,-0.02,0.0468
2017-05-22,-0.0869,-0.0234,0.0635
2017-05-19,-0.1125,-0.0273,0.0852
2017-05-18,-0.1281,-0.0147,0.1133
2017-05-17,-0.0951,0.0502,0.1454
2017-05-16,-0.0163,0.1528,0.1691
2017-05-15,-0.0005,0.1727,0.1732
2017-05-12,0.0008,0.1742,0.1733
2017-05-11,0.0395,0.2126,0.1731
2017-05-10,0.0547,0.2179,0.1633
2017-05-09,0.0467,0.1963,0.1496
2017-05-08,0.0489,0.1868,0.1379
2017-05-05,0.054000000000000006,0.1797,0.1257
2017-05-04,0.0558,0.168,0.1122
2017-05-03,0.0495,0.1477,0.0982
2017-05-02,0.0713,0.1572,0.0858
2017-05-01,0.0777,0.1458,0.068
2017-04-28,0.0967,0.1453,0.0486
2017-04-27,0.1182,0.1426,0.0244
2017-04-26,0.1142,0.1091,-0.0051
2017-04-25,0.069,0.0353,-0.0337
2017-04-24,0.0194,-0.0316,-0.051
2017-04-21,-0.0271,-0.0829,-0.0558
2017-04-20,-0.0352,-0.0842,-0.049
2017-04-19,-0.0864,-0.1266,-0.0403
2017-04-18,-0.0858,-0.1045,-0.0187
2017-04-17,-0.0775,-0.0747,0.0028
2017-04-13,-0.0568,-0.0346,0.0222
2017-04-12,-0.0424,-0.006,0.0364
2017-04-11,-0.0163,0.0306,0.047
2017-04-10,-0.0137,0.0373,0.051
2017-04-07,-0.0092,0.0453,0.0545
2017-04-06,-0.0148,0.0419,0.0567
2017-04-05,-0.0235,0.037000000000000005,0.0605
2017-04-04,-0.0362,0.0301,0.0663
2017-04-03,-0.0044,0.0709,0.0754
2017-03-31,-0.0255,0.051,0.0765
2017-03-30,-0.0543,0.0286,0.0829
2017-03-29,-0.0863,0.0101,0.0964
2017-03-28,-0.114,0.004,0.11800000000000001
2017-03-27,-0.1505,-0.0039,0.1465
2017-03-24,-0.14400000000000002,0.0401,0.1841
2017-03-23,-0.1243,0.0958,0.2201
2017-03-22,-0.1206,0.1306,0.2512
2017-03-21,-0.0572,0.2242,0.2814
2017-03-20,-0.0508,0.2448,0.2957
2017-03-17,-0.0408,0.2676,0.3084
2017-03-16,-0.0541,0.2645,0.3186
2017-03-15,-0.0656,0.2665,0.3321
2017-03-14,-0.0603,0.2882,0.3485
2017-03-13,-0.0652,0.2984,0.3636
2017-03-10,-0.0681,0.3118,0.3799
2017-03-09,-0.0618,0.3351,0.3969
2017-03-08,-0.0465,0.3658,0.4124
2017-03-07,-0.040999999999999995,0.38299999999999995,0.424
2017-03-06,-0.0204,0.4138,0.4342
2017-03-03,0.0078,0.4471,0.4393
2017-03-02,0.0097,0.4471,0.4374
2017-03-01,-0.0113,0.4237,0.435
2017-02-28,0.0164,0.4542,0.4378
2017-02-27,0.0528,0.4865,0.4337
2017-02-24,0.0799,0.5004,0.4205
2017-02-23,0.1103,0.5109,0.4005
2017-02-22,0.1397,0.5126,0.3729
2017-02-21,0.1434,0.4814,0.33799999999999997
2017-02-17,0.1196,0.4217,0.3021
2017-02-16,0.1149,0.3871,0.2722
2017-02-15,0.1118,0.3553,0.2435
2017-02-14,0.1017,0.3173,0.2156
2017-02-13,0.07400000000000001,0.2641,0.1902
2017-02-10,0.0446,0.2163,0.1717
2017-02-09,0.0064,0.1669,0.1605
2017-02-08,0.0063,0.1652,0.1589
2017-02-07,0.0032,0.1606,0.1573
2017-02-06,-0.0016,0.1549,0.1565
2017-02-03,-0.0107,0.1462,0.1569
2017-02-02,-0.0415,0.1181,0.1596
2017-02-01,-0.0402,0.1297,0.17
2017-01-31,-0.0336,0.1465,0.18
2017-01-30,-0.0037,0.1847,0.1884
2017-01-27,0.0368,0.2261,0.1894
2017-01-26,0.0431,0.2233,0.1802
2017-01-25,0.0137,0.1831,0.1694
2017-01-24,-0.0259,0.14,0.1659
2017-01-23,-0.0541,0.1183,0.1724
2017-01-20,-0.0559,0.1301,0.18600000000000003
2017-01-19,-0.0567,0.1432,0.1999
2017-01-18,-0.0617,0.1524,0.2141
2017-01-17,-0.0676,0.1619,0.2295
2017-01-13,-0.0747,0.1717,0.2464
2017-01-12,-0.0891,0.17600000000000002,0.2651
2017-01-11,-0.0942,0.1932,0.2874
2017-01-10,-0.1091,0.2018,0.3109
2017-01-09,-0.1283,0.2099,0.3382
2017-01-06,-0.1502,0.2201,0.3703
2017-01-05,-0.1882,0.2197,0.4078
2017-01-04,-0.22399999999999998,0.2309,0.4549
2017-01-03,-0.2274,0.2835,0.5109
2016-12-30,-0.2211,0.3466,0.5677
2016-12-29,-0.1907,0.4323,0.623
2016-12-28,-0.1692,0.5015,0.6707
2016-12-27,-0.1304,0.5826,0.713
2016-12-23,-0.1346,0.611,0.7456
2016-12-22,-0.1153,0.664,0.7792
2016-12-21,-0.0747,0.7334,0.8081
2016-12-20,-0.0763,0.7504,0.8267
2016-12-19,-0.078,0.7678,0.8458
2016-12-16,-0.0587,0.8066,0.8653
2016-12-15,-0.0176,0.8624,0.88
2016-12-14,-0.0009,0.8835,0.8844
2016-12-13,0.0458,0.9304,0.8846
2016-12-12,0.0671,0.9402,0.8731
2016-12-09,0.1112,0.9676,0.8564
2016-12-08,0.0914,0.92,0.8286
2016-12-07,0.0401,0.8458,0.8057
2016-12-06,-0.0059,0.7897,0.7957
2016-12-05,-0.0058,0.7913,0.7972
2016-12-02,0.0105,0.8092,0.7986
2016-12-01,0.0555,0.8515,0.7959999999999999
2016-11-30,0.111,0.8931,0.7821
2016-11-29,0.1589,0.9133,0.7544
2016-11-28,0.2111,0.9257,0.7147
2016-11-25,0.2663,0.9282,0.6619
2016-11-23,0.2796,0.8749,0.5953
2016-11-22,0.3112,0.8366,0.5254
2016-11-21,0.3279,0.7755,0.4476
2016-11-18,0.3414,0.7070000000000001,0.3656
2016-11-17,0.3484,0.6287,0.2803
2016-11-16,0.3646,0.5578,0.1932
2016-11-15,0.3571,0.4591,0.1021
2016-11-14,0.3223,0.3351,0.0128
2016-11-11,0.2255,0.1577,-0.0678
2016-11-10,0.1199,-0.0043,-0.1242
2016-11-09,-0.0314,-0.1855,-0.1541
2016-11-08,-0.0365,-0.1828,-0.1463
2016-11-07,-0.0394,-0.1766,-0.1372
2016-11-04,-0.0388,-0.1661,-0.1273
2016-11-03,-0.0327,-0.1503,-0.1176
2016-11-02,-0.0185,-0.128,-0.1095
2016-11-01,-0.0231,-0.128,-0.1048
2016-10-31,-0.0271,-0.1261,-0.099
2016-10-28,-0.0296,-0.1219,-0.0923
2016-10-27,-0.0294,-0.1143,-0.0849
2016-10-26,-0.0254,-0.1029,-0.0775
2016-10-25,-0.0446,-0.1158,-0.0712
2016-10-24,-0.0706,-0.1306,-0.06
2016-10-21,-0.0833,-0.1257,-0.0424
2016-10-20,-0.0962,-0.1177,-0.0216
2016-10-19,-0.1083,-0.1058,0.0025
2016-10-18,-0.1185,-0.08900000000000001,0.0295
2016-10-17,-0.1255,-0.0663,0.0592
2016-10-14,-0.1269,-0.0363,0.0906
2016-10-13,-0.0639,0.0584,0.1223
2016-10-12,0.0403,0.1785,0.1382
2016-10-11,0.0467,0.1748,0.1282
2016-10-10,0.0511,0.1676,0.1165
2016-10-07,0.0523,0.156,0.1037
2016-10-06,0.0679,0.1585,0.0907
2016-10-05,0.0695,0.1432,0.0737
2016-10-04,0.0653,0.1216,0.0563
2016-10-03,0.0514,0.0914,0.04
2016-09-30,0.0243,0.0514,0.0271
2016-09-29,-0.0214,-0.0004,0.0211
2016-09-28,-0.016,0.0104,0.0264
2016-09-27,-0.0064,0.024,0.0304
2016-09-26,0.0091,0.0411,0.032
2016-09-23,-0.0131,0.0167,0.0297
2016-09-22,-0.0477,-0.0147,0.033
2016-09-21,-0.10800000000000001,-0.0631,0.0449
2016-09-20,-0.1721,-0.1002,0.0719
2016-09-19,-0.1871,-0.0721,0.115
2016-09-16,-0.1969,-0.0352,0.1617
2016-09-15,-0.1985,0.0125,0.21100000000000002
2016-09-14,-0.1877,0.0729,0.2606
2016-09-13,-0.1482,0.1594,0.3075
2016-09-12,-0.0929,0.2517,0.3446
2016-09-09,-0.0728,0.295,0.3678
2016-09-08,-0.0357,0.3503,0.386
2016-09-07,-0.0386,0.3564,0.3949
2016-09-06,-0.0493,0.3553,0.4045
2016-09-02,-0.0537,0.3632,0.4169
2016-09-01,-0.042,0.3883,0.4303
2016-08-31,-0.0262,0.4146,0.4408
2016-08-30,-0.0127,0.4346,0.4473
2016-08-29,-0.0013,0.4492,0.4505
2016-08-26,0.0103,0.4612,0.4508
2016-08-25,0.0081,0.4563,0.4482
2016-08-24,-0.0027,0.4435,0.4462
2016-08-23,0.0072,0.45399999999999996,0.4469
2016-08-22,0.0157,0.4609,0.4451
2016-08-19,0.0217,0.4628,0.4412
2016-08-18,0.0295,0.4652,0.4358
2016-08-17,0.0332,0.4616,0.4284
2016-08-16,0.03,0.4501,0.4201
2016-08-15,0.0164,0.429,0.4126
2016-08-12,-0.0127,0.3958,0.4085
2016-08-11,-0.0246,0.387,0.4116
2016-08-10,-0.0511,0.3667,0.4178
2016-08-09,-0.0692,0.3614,0.4306
2016-08-08,-0.0984,0.3495,0.4479
2016-08-05,-0.1433,0.3292,0.4725
2016-08-04,-0.1177,0.3906,0.5083
2016-08-03,-0.0744,0.4633,0.5377
2016-08-02,-0.0069,0.5494,0.5563
2016-08-01,0.0152,0.5732,0.5579999999999999
2016-07-29,0.040999999999999995,0.5953,0.5542
2016-07-28,0.0708,0.6147,0.544
2016-07-27,0.1043,0.6306,0.5263
2016-07-26,0.1346,0.6347,0.5002
2016-07-25,0.1643,0.6308,0.4665
2016-07-22,0.1911,0.6166,0.4255
2016-07-21,0.2156,0.5933,0.3777
2016-07-20,0.23199999999999998,0.5558,0.3238
2016-07-19,0.2502,0.516,0.2658
2016-07-18,0.2682,0.4714,0.2032
2016-07-15,0.2714,0.4076,0.1362
2016-07-14,0.2628,0.3311,0.0683
2016-07-13,0.2562,0.2589,0.0026
2016-07-12,0.2244,0.1629,-0.0614
2016-07-11,0.1481,0.0305,-0.1175
2016-07-08,0.0725,-0.0821,-0.1545
2016-07-07,-0.0123,-0.185,-0.1727
2016-07-06,-0.0538,-0.2234,-0.1696
2016-07-05,-0.0549,-0.21100000000000002,-0.1561
2016-07-01,-0.0654,-0.2078,-0.1424
2016-06-30,-0.1441,-0.2701,-0.1261
2016-06-29,-0.2203,-0.3103,-0.09
2016-06-28,-0.2627,-0.2977,-0.035
2016-06-27,-0.157,-0.1263,0.0307
2016-06-24,0.0244,0.0943,0.07
2016-06-23,-0.0032,0.0607,0.0639
2016-06-22,-0.0478,0.0169,0.0647
2016-06-21,-0.0573,0.0193,0.0766
2016-06-20,-0.0688,0.0222,0.0909
2016-06-17,-0.1082,-0.0001,0.1081
2016-06-16,-0.1022,0.033,0.1352
2016-06-15,-0.0793,0.0815,0.1607
2016-06-14,-0.0544,0.1262,0.1806
2016-06-13,0.024,0.2182,0.1942
2016-06-10,0.091,0.2792,0.1882
2016-06-09,0.156,0.3214,0.1654
2016-06-08,0.1662,0.2926,0.1264
2016-06-07,0.1666,0.2515,0.0849
2016-06-06,0.1653,0.2085,0.0432
2016-06-03,0.1673,0.1691,0.0019
2016-06-02,0.1564,0.1164,-0.04
2016-06-01,0.1264,0.0474,-0.0791
2016-05-31,0.1186,0.0079,-0.1107
2016-05-27,0.0827,-0.0576,-0.1403
2016-05-26,0.0558,-0.1052,-0.161
2016-05-25,0.0105,-0.1644,-0.1749
2016-05-24,-0.0302,-0.2078,-0.1776
2016-05-23,-0.0902,-0.2602,-0.17
2016-05-20,-0.1156,-0.2631,-0.1475
2016-05-19,-0.1443,-0.2629,-0.1186
2016-05-18,-0.1499,-0.2324,-0.0825
2016-05-17,-0.1452,-0.1902,-0.045
2016-05-16,-0.1512,-0.1599,-0.0087
2016-05-13,-0.1481,-0.1189,0.0291
2016-05-12,-0.099,-0.0329,0.0661
2016-05-11,-0.1226,-0.0318,0.0909
2016-05-10,-0.1514,-0.0299,0.1215
2016-05-09,-0.1864,-0.027000000000000003,0.1594
2016-05-06,-0.1919,0.0141,0.20600000000000002
2016-05-05,-0.1875,0.0665,0.2539
2016-05-04,-0.1685,0.1323,0.3008
2016-05-03,-0.1286,0.2144,0.34299999999999997
2016-05-02,-0.1019,0.2732,0.3751
2016-04-29,-0.0562,0.3444,0.4006
2016-04-28,0.0137,0.4283,0.4146
2016-04-27,-0.0034,0.4078,0.4112
2016-04-26,-0.0364,0.3756,0.41200000000000003
2016-04-25,-0.0444,0.3767,0.4211
2016-04-22,-0.0263,0.4059,0.4322
2016-04-21,-0.0278,0.41100000000000003,0.4388
2016-04-20,-0.0338,0.41200000000000003,0.4458
2016-04-19,-0.0653,0.3889,0.4542
2016-04-18,-0.0735,0.397,0.4705
2016-04-15,-0.0872,0.4017,0.4889
2016-04-14,-0.1063,0.4044,0.5107
2016-04-13,-0.1352,0.402,0.5373
2016-04-12,-0.17800000000000002,0.3931,0.5711
2016-04-11,-0.1697,0.4459,0.6156
2016-04-08,-0.1657,0.4923,0.6579999999999999
2016-04-07,-0.1551,0.5443,0.6994
2016-04-06,-0.1353,0.6029,0.7382
2016-04-05,-0.1032,0.6688,0.772
2016-04-04,-0.0546,0.7432,0.7978
2016-04-01,-0.0449,0.7666,0.8115
2016-03-31,-0.0375,0.7852,0.8227
2016-03-30,-0.0346,0.7975,0.8321
2016-03-29,-0.039,0.8017,0.8407
2016-03-28,-0.0052,0.8453,0.8505
2016-03-24,0.0368,0.8886,0.8518
2016-03-23,0.1015,0.9441,0.8426
2016-03-22,0.1525,0.9697,0.8172
2016-03-21,0.1673,0.9464,0.7791
2016-03-18,0.1656,0.9029,0.7373
2016-03-17,0.1383,0.8342,0.6959
2016-03-16,0.1659,0.8272,0.6613
2016-03-15,0.1695,0.7894,0.6198
2016-03-14,0.1877,0.7652,0.5774
2016-03-11,0.2349,0.7654,0.5305
2016-03-10,0.2828,0.7546,0.4718
2016-03-09,0.3287,0.7298,0.4011
2016-03-08,0.3563,0.6752,0.3189
2016-03-07,0.3989,0.6287,0.2298
2016-03-04,0.4,0.5301,0.1301
2016-03-03,0.3665,0.3966,0.0301
2016-03-02,0.3364,0.2749,-0.0615
2016-03-01,0.2852,0.1396,-0.1456
2016-02-29,0.1818,-0.0351,-0.2169
2016-02-26,0.2096,-0.0528,-0.2624
2016-02-25,0.2401,-0.0747,-0.3148
2016-02-24,0.2734,-0.1014,-0.3748
2016-02-23,0.309,-0.1341,-0.4431
2016-02-22,0.2958,-0.2246,-0.5204
2016-02-19,0.2864,-0.3079,-0.5944
2016-02-18,0.2562,-0.4098,-0.6659999999999999
2016-02-17,0.1961,-0.5339,-0.73
2016-02-16,0.0868,-0.6922,-0.779
2016-02-12,0.0048,-0.7959,-0.8007
2016-02-11,-0.0056,-0.8076,-0.8019
2016-02-10,0.0743,-0.7262,-0.8005
2016-02-09,0.0909,-0.7282,-0.8191
2016-02-08,0.1535,-0.6883,-0.8418
2016-02-05,0.146,-0.7342,-0.8802
2016-02-04,0.1345,-0.7822,-0.9167
2016-02-03,0.1183,-0.8320000000000001,-0.9503
2016-02-02,0.0963,-0.8835,-0.9799
2016-02-01,0.0985,-0.9055,-1.004
2016-01-29,0.0695,-0.9591,-1.0286
2016-01-28,0.0323,-1.0137,-1.046
2016-01-27,0.0403,-1.0137,-1.054
2016-01-26,-0.0217,-1.0858,-1.0641
2016-01-25,-0.0766,-1.1353,-1.0587
2016-01-22,-0.1387,-1.1782,-1.0395
2016-01-21,-0.21100000000000002,-1.2158,-1.0049
2016-01-20,-0.2378,-1.1899,-0.9521
2016-01-19,-0.2347,-1.1273,-0.8927
2016-01-15,-0.2402,-1.0742,-0.8340000000000001
2016-01-14,-0.2801,-1.0541,-0.774
2016-01-13,-0.3091,-1.013,-0.7039
2016-01-12,-0.2755,-0.9021,-0.6267
2016-01-11,-0.2948,-0.8526,-0.5578
2016-01-08,-0.2715,-0.7556,-0.4841
2016-01-07,-0.2045,-0.6207,-0.4162
2016-01-06,-0.1288,-0.4939,-0.3651
2016-01-05,-0.0511,-0.384,-0.3329
2016-01-04,-0.024,-0.3441,-0.3201
2015-12-31,0.0382,-0.276,-0.3141
2015-12-30,0.0495,-0.2741,-0.3237
2015-12-29,0.0384,-0.2977,-0.3361
2015-12-28,-0.0043,-0.3499,-0.3457
2015-12-24,-0.0218,-0.3664,-0.3446
2015-12-23,-0.0814,-0.4205,-0.3391
2015-12-22,-0.1572,-0.47600000000000003,-0.3188
2015-12-21,-0.1922,-0.4717,-0.2795
2015-12-18,-0.1732,-0.4046,-0.2314
2015-12-17,-0.126,-0.3141,-0.1881
2015-12-16,-0.1757,-0.3323,-0.1566
2015-12-15,-0.23800000000000002,-0.3507,-0.1127
2015-12-14,-0.2487,-0.3018,-0.0531
2015-12-11,-0.1936,-0.1846,0.009000000000000001
2015-12-10,-0.1115,-0.0541,0.0574
2015-12-09,-0.0949,-0.0096,0.0853
2015-12-08,-0.1081,0.001,0.109
2015-12-07,-0.0897,0.0463,0.1361
2015-12-04,-0.0953,0.0632,0.1585
2015-12-03,-0.0697,0.1126,0.1823
2015-12-02,-0.0164,0.1833,0.1997
2015-12-01,0.0006,0.2044,0.2038
2015-11-30,-0.0234,0.1803,0.2037
2015-11-27,-0.0312,0.1783,0.2095
2015-11-25,-0.0441,0.1732,0.2173
2015-11-24,-0.0743,0.154,0.2283
2015-11-23,-0.1067,0.1402,0.2469
2015-11-20,-0.1245,0.1491,0.2736
2015-11-19,-0.1463,0.1584,0.3047
2015-11-18,-0.1734,0.1679,0.3413
2015-11-17,-0.20800000000000002,0.1767,0.3847
2015-11-16,-0.2077,0.22899999999999998,0.4367
2015-11-13,-0.1762,0.3124,0.4886
2015-11-12,-0.1085,0.4242,0.5326
2015-11-11,-0.0384,0.5214,0.5597
2015-11-10,0.0039,0.5732,0.5693
2015-11-09,0.0423,0.6106,0.5684
2015-11-06,0.0834,0.6412,0.5578
2015-11-05,0.096,0.633,0.537
2015-11-04,0.1142,0.6272,0.5129
2015-11-03,0.11599999999999999,0.6004,0.4844
2015-11-02,0.134,0.5894,0.4554
2015-10-30,0.1449,0.5668,0.4219
2015-10-29,0.1439,0.5296,0.3857
2015-10-28,0.1577,0.5073,0.3497
2015-10-27,0.1613,0.4716,0.3102
2015-10-26,0.1981,0.46799999999999997,0.2699
2015-10-23,0.2058,0.4262,0.2204
2015-10-22,0.1932,0.3622,0.1689
2015-10-21,0.1803,0.3009,0.1206
2015-10-20,0.2121,0.2876,0.0756
2015-10-19,0.2338,0.2563,0.0225
2015-10-16,0.2476,0.2117,-0.0359
2015-10-15,0.2532,0.1554,-0.0978
2015-10-14,0.29100000000000004,0.1299,-0.1611
2015-10-13,0.3315,0.0976,-0.2339
2015-10-12,0.3487,0.0319,-0.3167
2015-10-09,0.3303,-0.0736,-0.4039
2015-10-08,0.2727,-0.2137,-0.4865
2015-10-07,0.1901,-0.3645,-0.5546
2015-10-06,0.0847,-0.5174,-0.6022
2015-10-05,-0.0448,-0.6681,-0.6234
2015-10-02,-0.0667,-0.6789,-0.6122
2015-10-01,-0.0872,-0.6827,-0.5955
2015-09-30,-0.1039,-0.6776,-0.5737
2015-09-29,-0.1256,-0.6733,-0.5477
2015-09-28,-0.0871,-0.6035,-0.5163
2015-09-25,-0.0138,-0.5083,-0.4945
2015-09-24,-0.0216,-0.5126,-0.4911
2015-09-23,0.0342,-0.4515,-0.4857
2015-09-22,0.0691,-0.4251,-0.4943
2015-09-21,0.1392,-0.3723,-0.5115
2015-09-18,0.1756,-0.3707,-0.5463
2015-09-17,0.22699999999999998,-0.3633,-0.5902
2015-09-16,0.2017,-0.4453,-0.647
2015-09-15,0.1576,-0.5398,-0.6974
2015-09-14,0.1357,-0.6011,-0.7368
2015-09-11,0.1211,-0.6496,-0.7707
2015-09-10,0.0989,-0.7021,-0.8009999999999999
2015-09-09,0.0638,-0.7619,-0.8257
2015-09-08,0.0314,-0.8102,-0.8416
2015-09-04,-0.0482,-0.8977,-0.8495
2015-09-03,-0.0838,-0.9213,-0.8374
2015-09-02,-0.1215,-0.938,-0.8165
2015-09-01,-0.1595,-0.9457,-0.7861
2015-08-31,-0.136,-0.8822,-0.7462
2015-08-28,-0.2181,-0.9303,-0.7122
2015-08-27,-0.3204,-0.9781,-0.6577
2015-08-26,-0.4343,-1.0119,-0.5776
2015-08-25,-0.4286,-0.8977,-0.4691
2015-08-24,-0.3207,-0.6826,-0.3619
2015-08-21,-0.1635,-0.4452,-0.2817
2015-08-20,-0.0458,-0.2867,-0.2408
2015-08-19,0.0291,-0.2003,-0.2294
2015-08-18,0.0384,-0.1982,-0.2367
2015-08-17,0.013999999999999999,-0.2323,-0.2463
2015-08-14,-0.0217,-0.2715,-0.2498
2015-08-13,-0.04,-0.2844,-0.2443
2015-08-12,-0.0624,-0.2967,-0.2343
2015-08-11,-0.0406,-0.2593,-0.2187
2015-08-10,-0.0392,-0.2478,-0.2086
2015-08-07,-0.0736,-0.2724,-0.1988
2015-08-06,-0.0522,-0.2326,-0.1804
2015-08-05,-0.0111,-0.1784,-0.1673
2015-08-04,-0.0158,-0.1804,-0.1646
2015-08-03,-0.0196,-0.1802,-0.1606
2015-07-31,-0.0134,-0.1691,-0.1557
2015-07-30,-0.0393,-0.1916,-0.1524
2015-07-29,-0.0678,-0.2103,-0.1425
2015-07-28,-0.10400000000000001,-0.2296,-0.1256
2015-07-27,-0.0702,-0.1698,-0.0996
2015-07-24,-0.009000000000000001,-0.0911,-0.08199999999999999
2015-07-23,0.0241,-0.0557,-0.0798
2015-07-22,0.0337,-0.0521,-0.0858
2015-07-21,0.0474,-0.0469,-0.0942
2015-07-20,0.0677,-0.0384,-0.1061
2015-07-17,0.0675,-0.0555,-0.12300000000000001
2015-07-16,0.0717,-0.0682,-0.1399
2015-07-15,0.043,-0.1148,-0.1578
2015-07-14,0.0217,-0.1469,-0.1686
2015-07-13,-0.006999999999999999,-0.18100000000000002,-0.174
2015-07-10,-0.0497,-0.2219,-0.1722
2015-07-09,-0.065,-0.2248,-0.1598
2015-07-08,-0.0544,-0.198,-0.1436
2015-07-07,-0.0776,-0.2075,-0.13
2015-07-06,-0.1061,-0.2167,-0.1106
2015-07-02,-0.1058,-0.1899,-0.084
2015-07-01,-0.1131,-0.1707,-0.0576
2015-06-30,-0.1127,-0.142,-0.0293
2015-06-29,-0.067,-0.0682,-0.0011
2015-06-26,0.0114,0.027000000000000003,0.0156
2015-06-25,0.034,0.0467,0.0128
2015-06-24,0.0596,0.0639,0.0043
2015-06-23,0.0826,0.07200000000000001,-0.0106
2015-06-22,0.0741,0.0428,-0.0313
2015-06-19,0.0481,-0.0017,-0.0498
2015-06-18,0.0383,-0.0235,-0.0618
2015-06-17,-0.0003,-0.0717,-0.0714
2015-06-16,-0.0131,-0.0844,-0.0714
2015-06-15,-0.0129,-0.081,-0.0681
2015-06-12,0.0049,-0.0599,-0.0649
2015-06-11,-0.0165,-0.0826,-0.0661
2015-06-10,-0.0484,-0.1104,-0.062
2015-06-09,-0.0711,-0.121,-0.0499
2015-06-08,-0.0514,-0.0834,-0.0321
2015-06-05,-0.0215,-0.0407,-0.0192
2015-06-04,-0.0139,-0.0278,-0.0139
2015-06-03,0.0068,-0.0036,-0.0104
2015-06-02,-0.0073,-0.0193,-0.0121
2015-06-01,-0.0079,-0.0182,-0.0103
2015-05-29,-0.0082,-0.0165,-0.0083
2015-05-28,0.0014,-0.0048,-0.0062
2015-05-27,0.0107,0.0041,-0.0066
2015-05-26,0.0086,-0.0006,-0.0092
2015-05-22,0.0474,0.036000000000000004,-0.0114
2015-05-21,0.0445,0.0213,-0.0233
2015-05-20,0.0365,0.0021,-0.0344
2015-05-19,0.0312,-0.0123,-0.0435
2015-05-18,0.0167,-0.0346,-0.0513
2015-05-15,-0.0067,-0.0622,-0.0555
2015-05-14,-0.0123,-0.0662,-0.0538
2015-05-13,-0.0195,-0.0703,-0.0507
2015-05-12,-0.0079,-0.0538,-0.0459
2015-05-11,-0.0235,-0.0673,-0.0439
2015-05-08,-0.0456,-0.0836,-0.038
2015-05-07,-0.0803,-0.1069,-0.0266
2015-05-06,-0.0799,-0.0864,-0.0065
2015-05-05,-0.0522,-0.0387,0.0134
2015-05-04,-0.0328,-0.0064,0.0265
2015-05-01,-0.0556,-0.0209,0.0347
2015-04-30,-0.0569,-0.0083,0.0486
2015-04-29,-0.0329,0.0299,0.0628
2015-04-28,0.0005,0.0716,0.071
2015-04-27,-0.003,0.0679,0.0709
2015-04-24,0.0183,0.09,0.0717
2015-04-23,0.0156,0.0826,0.0671
2015-04-22,0.0016,0.0648,0.0632
2015-04-21,0.0039,0.0667,0.0628
2015-04-20,0.0137,0.0756,0.0618
2015-04-17,0.0182,0.0766,0.0584
2015-04-16,0.0652,0.11900000000000001,0.0538
2015-04-15,0.0668,0.1044,0.0376
2015-04-14,0.0505,0.0714,0.0208
2015-04-13,0.0508,0.059000000000000004,0.0082
2015-04-10,0.0501,0.0456,-0.0045
2015-04-09,0.0245,0.0075,-0.017
2015-04-08,0.0012,-0.0219,-0.0231
2015-04-07,-0.0139,-0.0374,-0.0234
2015-04-06,-0.0269,-0.0468,-0.0199
2015-04-02,-0.0556,-0.0688,-0.0132
2015-04-01,-0.0615,-0.0608,0.0007
2015-03-31,-0.0537,-0.0377,0.016
2015-03-30,-0.049,-0.0196,0.0295
2015-03-27,-0.0765,-0.0347,0.0417
2015-03-26,-0.0558,0.0051,0.0608
2015-03-25,-0.0161,0.0587,0.0748
