date,MACD_Signal,MACD,MACD_Hist
2021-01-19,0.1002,-1.0847,-1.1849
2021-01-15,0.3965,-0.8761,-1.2725
2021-01-14,0.7146,-0.5207,-1.2353
2021-01-13,1.0234,-0.1217,-1.1451
2021-01-12,1.3097,0.2438,-1.0658
2021-01-11,1.5761,0.7251,-0.851
2021-01-08,1.7889,1.2128,-0.5760000000000001
2021-01-07,1.9329,1.4816,-0.4512
2021-01-06,2.0457,1.7167,-0.32899999999999996
2021-01-05,2.1279,1.8969999999999998,-0.231
2021-01-04,2.1857,2.0364,-0.1493
2020-12-31,2.2230000000000003,2.1185,-0.1045
2020-12-30,2.2491,2.2312,-0.0179
2020-12-29,2.2536,2.3243,0.0707
2020-12-28,2.2359,2.4063,0.1704
2020-12-24,2.1933,2.4688,0.2754
2020-12-23,2.1245,2.5594,0.435
2020-12-22,2.0157,2.6043,0.5886
2020-12-21,1.8686,2.5616,0.6931
2020-12-18,1.6953,2.4974,0.8021
2020-12-17,1.4948,2.2538,0.759
2020-12-16,1.305,2.0364,0.7314
2020-12-15,1.1222,1.7904,0.6682
2020-12-14,0.9551,1.5735,0.6184
2020-12-11,0.8005,1.3553,0.5548
2020-12-10,0.6619,1.1161,0.4543
2020-12-09,0.5483,0.818,0.2697
2020-12-08,0.4809,0.8308,0.35
2020-12-07,0.3934,0.8148,0.4214
2020-12-04,0.28800000000000003,0.7346,0.4465
2020-12-03,0.1764,0.6388,0.4624
2020-12-02,0.0608,0.5012,0.4404
2020-12-01,-0.0493,0.3753,0.4246
2020-11-30,-0.1554,0.2661,0.4216
2020-11-27,-0.2608,0.1392,0.4
2020-11-25,-0.3608,-0.0329,0.3279
2020-11-24,-0.4428,-0.2359,0.2069
2020-11-23,-0.4945,-0.3693,0.1252
2020-11-20,-0.5258,-0.5047,0.0211
2020-11-19,-0.5311,-0.6437,-0.1126
2020-11-18,-0.503,-0.7039,-0.2009
2020-11-17,-0.4528,-0.7409,-0.2881
2020-11-16,-0.3807,-0.7284,-0.3477
2020-11-13,-0.2938,-0.6898,-0.396
2020-11-12,-0.1948,-0.7067,-0.5119
2020-11-11,-0.0668,-0.6499,-0.583
2020-11-10,0.0789,-0.6513,-0.7303
2020-11-09,0.2615,-0.5195,-0.7809999999999999
2020-11-06,0.4568,-0.4232,-0.8799
2020-11-05,0.6767,-0.2869,-0.9636
2020-11-04,0.9176,-0.1688,-1.0864
2020-11-03,1.1892,0.0811,-1.1082
2020-11-02,1.4663,0.5037,-0.9626
2020-10-30,1.7069999999999999,1.2659,-0.4411
2020-10-29,1.8172,2.0278,0.2106
2020-10-28,1.7646,1.8438,0.0792
2020-10-27,1.7448,1.9791,0.2344
2020-10-26,1.6862,1.8441,0.158
2020-10-23,1.6467,1.8761,0.2294
2020-10-22,1.5893,1.743,0.1537
2020-10-21,1.5509,1.5641,0.0132
2020-10-20,1.5476,1.317,-0.2306
2020-10-19,1.6052,1.3786,-0.2266
2020-10-16,1.6619,1.4911,-0.1708
2020-10-15,1.7046,1.614,-0.0905
2020-10-14,1.7272,1.7251,-0.0022
2020-10-13,1.7278,1.8468,0.11900000000000001
2020-10-12,1.6980000000000002,1.8714,0.1734
2020-10-09,1.6547,1.7484,0.0937
2020-10-08,1.6312,1.8051,0.1739
2020-10-07,1.5878,1.8401,0.2524
2020-10-06,1.5247,1.8723,0.3476
2020-10-05,1.4378,1.9136,0.4758
2020-10-02,1.3188,1.7644,0.4456
2020-10-01,1.2074,1.6695,0.4621
2020-09-30,1.0919,1.465,0.3731
2020-09-29,0.9986,1.4066,0.408
2020-09-28,0.8966,1.2873,0.3906
2020-09-25,0.799,1.1763,0.3773
2020-09-24,0.7047,1.0491,0.3444
2020-09-23,0.6186,0.9427,0.3241
2020-09-22,0.5375,0.5702,0.0327
2020-09-21,0.5294,0.3513,-0.1781
2020-09-18,0.5739,0.3548,-0.21899999999999997
2020-09-17,0.6286,0.3288,-0.2999
2020-09-16,0.7036,0.3722,-0.3314
2020-09-15,0.7865,0.3967,-0.3898
2020-09-14,0.8839,0.4742,-0.4097
2020-09-11,0.9863,0.5987,-0.3876
2020-09-10,1.0832,0.7327,-0.3505
2020-09-09,1.1709,0.8909999999999999,-0.2798
2020-09-08,1.2408,1.018,-0.2228
2020-09-04,1.2965,1.3048,0.0083
2020-09-03,1.2944,1.4809,0.1864
2020-09-02,1.2478,1.5048,0.257
2020-09-01,1.1836,1.3057,0.1221
2020-08-31,1.153,1.2892,0.1362
2020-08-28,1.119,1.3074,0.1884
2020-08-27,1.0719,1.2618,0.1899
2020-08-26,1.0244,1.2544,0.23
2020-08-25,0.9669,1.1565,0.1896
2020-08-24,0.9195,1.0687,0.1492
2020-08-21,0.8822,0.9472,0.065
2020-08-20,0.866,0.9035,0.0376
2020-08-19,0.8566,0.8652,0.0087
2020-08-18,0.8544,0.8109,-0.0435
2020-08-17,0.8653,0.8193,-0.046
2020-08-14,0.8768,0.8222,-0.0546
2020-08-13,0.8904,0.8211,-0.0694
2020-08-12,0.9078,0.8158,-0.0919
2020-08-11,0.9308,0.836,-0.0948
2020-08-10,0.9545,0.8659,-0.0886
2020-08-07,0.9766,0.8751,-0.1015
2020-08-06,1.002,0.9047,-0.0973
2020-08-05,1.0263,0.8733,-0.1531
2020-08-04,1.0646,0.9121,-0.1525
2020-08-03,1.1027,0.9932,-0.1095
2020-07-31,1.1301,1.0783,-0.0518
2020-07-30,1.1431,1.1701,0.027000000000000003
2020-07-29,1.1363,1.2377,0.1014
2020-07-28,1.111,1.2612,0.1502
2020-07-27,1.0734,1.3288,0.2554
2020-07-24,1.0096,1.3714,0.3618
2020-07-23,0.9191,1.3355,0.4164
2020-07-22,0.815,1.1786,0.3636
2020-07-21,0.7241,1.114,0.3899
2020-07-20,0.6267,1.0082,0.3815
2020-07-17,0.5313,0.8533,0.322
2020-07-16,0.4508,0.7706,0.3198
2020-07-15,0.3708,0.7077,0.3369
2020-07-14,0.2866,0.5774,0.2908
2020-07-13,0.2139,0.5341,0.3202
2020-07-10,0.1339,0.5281,0.3942
2020-07-09,0.0353,0.3519,0.3166
2020-07-08,-0.0438,0.0892,0.133
2020-07-07,-0.0771,-0.2158,-0.1387
2020-07-06,-0.0424,-0.3555,-0.313
2020-07-02,0.0358,-0.4625,-0.4983
2020-07-01,0.1604,-0.4426,-0.603
2020-06-30,0.3111,-0.4047,-0.7159
2020-06-29,0.4901,-0.2466,-0.7367
2020-06-26,0.6743,-0.0107,-0.685
2020-06-25,0.8455,0.3354,-0.5101
2020-06-24,0.9731,0.5361,-0.43700000000000006
2020-06-23,1.0823,0.7477,-0.3346
2020-06-22,1.1659,0.8868,-0.2791
2020-06-19,1.2357,0.9945,-0.2413
2020-06-18,1.296,1.1235,-0.1725
2020-06-17,1.3392,1.2087,-0.1305
2020-06-16,1.3718,1.2683,-0.1035
2020-06-15,1.3977,1.2965,-0.1012
2020-06-12,1.423,1.3664,-0.0565
2020-06-11,1.4371,1.5082,0.0711
2020-06-10,1.4193,1.7049,0.2856
2020-06-09,1.3479,1.7162,0.3683
2020-06-08,1.2558,1.6263,0.3705
2020-06-05,1.1632,1.4147,0.2515
2020-06-04,1.1003,1.3041,0.2038
2020-06-03,1.0494,1.2612,0.2118
2020-06-02,0.9964,1.0699,0.0735
2020-06-01,0.9781,1.077,0.0989
2020-05-29,0.9533,1.1079999999999999,0.1546
2020-05-28,0.9147,1.2251,0.3105
2020-05-27,0.8371,1.2927,0.4556
2020-05-26,0.7232,1.2104,0.4873
2020-05-22,0.6013,0.9921,0.3908
2020-05-21,0.5036,0.8406,0.337
2020-05-20,0.4194,0.6635,0.2441
2020-05-19,0.3584,0.4389,0.0806
2020-05-18,0.3382,0.3853,0.047
2020-05-15,0.3265,0.3356,0.0091
2020-05-14,0.3242,0.3324,0.0082
2020-05-13,0.3222,0.3683,0.0462
2020-05-12,0.3106,0.4526,0.142
2020-05-11,0.2751,0.4498,0.1747
2020-05-08,0.2314,0.3847,0.1532
2020-05-07,0.1931,0.2715,0.0783
2020-05-06,0.1736,0.2412,0.0676
2020-05-05,0.1566,0.3099,0.1533
2020-05-04,0.1183,0.3535,0.2352
2020-05-01,0.0595,0.3877,0.3282
2020-04-30,-0.0225,0.4654,0.488
2020-04-29,-0.1445,0.4723,0.6168
2020-04-28,-0.2987,0.2289,0.5276
2020-04-27,-0.4306,0.149,0.5796
2020-04-24,-0.5755,-0.0783,0.4972
2020-04-23,-0.6998,-0.2391,0.4608
2020-04-22,-0.815,-0.3511,0.4639
2020-04-21,-0.9309999999999999,-0.5481,0.3829
2020-04-20,-1.0267,-0.5176,0.5091
2020-04-17,-1.1540000000000001,-0.5995,0.5544
2020-04-16,-1.2926,-0.6638,0.6288
2020-04-15,-1.4498,-0.7209,0.7289
2020-04-14,-1.632,-0.8809999999999999,0.7509999999999999
2020-04-13,-1.8197,-1.1163,0.7034
2020-04-09,-1.9956,-1.3261,0.6695
2020-04-08,-2.1630000000000003,-1.6316,0.5313
2020-04-07,-2.2958,-2.0069999999999997,0.2888
2020-04-06,-2.3680000000000003,-2.2278,0.1402
2020-04-03,-2.4031,-2.4081,-0.005
2020-04-02,-2.4018,-2.4157,-0.0139
2020-04-01,-2.3983,-2.3832,0.0151
2020-03-31,-2.4021,-2.3376,0.0645
2020-03-30,-2.4183,-2.3717,0.0466
2020-03-27,-2.4299,-2.4855,-0.0556
2020-03-26,-2.416,-2.5641,-0.1481
2020-03-25,-2.379,-2.7412,-0.3622
2020-03-24,-2.2885,-2.8825,-0.594
2020-03-23,-2.14,-3.0087,-0.8688
2020-03-20,-1.9228,-3.008,-1.0852
2020-03-19,-1.6514,-2.8879,-1.2365
2020-03-18,-1.3423,-2.7110000000000003,-1.3687
2020-03-17,-1.0001,-2.2289,-1.2288
2020-03-16,-0.6929,-1.8337,-1.1408
2020-03-13,-0.4078,-1.2578,-0.85
2020-03-12,-0.1953,-1.0389,-0.8436
2020-03-11,0.0156,-0.4889,-0.5045
2020-03-10,0.1418,-0.2399,-0.3817
2020-03-09,0.2372,-0.2252,-0.4624
2020-03-06,0.3528,-0.0147,-0.3675
2020-03-05,0.4447,0.1523,-0.2924
2020-03-04,0.5178,0.2095,-0.3083
2020-03-03,0.5948,0.1746,-0.4202
2020-03-02,0.6999,0.2365,-0.4634
2020-02-28,0.8157,0.2214,-0.5944
2020-02-27,0.9643,0.4656,-0.4987
2020-02-26,1.089,0.79,-0.299
2020-02-25,1.1638,1.0276,-0.1362
2020-02-24,1.1978,1.2568,0.0589
2020-02-21,1.1831,1.4618,0.2787
2020-02-20,1.1134,1.4558,0.3424
2020-02-19,1.0278,1.3517,0.3239
2020-02-18,0.9468,1.2276,0.2808
2020-02-14,0.8766,1.1237,0.2471
2020-02-13,0.8148,1.0919,0.27699999999999997
2020-02-12,0.7456,1.0098,0.2643
2020-02-11,0.6795,0.9281,0.2486
2020-02-10,0.6174,0.9264,0.309
2020-02-07,0.5401,0.8791,0.3391
2020-02-06,0.4553,0.6971,0.2418
2020-02-05,0.3949,0.3141,-0.0808
2020-02-04,0.4151,0.3319,-0.0832
2020-02-03,0.4359,0.2916,-0.1442
2020-01-31,0.4719,0.3267,-0.1453
2020-01-30,0.5083,0.4267,-0.0816
2020-01-29,0.5286,0.4728,-0.0559
2020-01-28,0.5426,0.483,-0.0596
2020-01-27,0.5575,0.5105,-0.047
2020-01-24,0.5693,0.6032,0.0339
2020-01-23,0.5608,0.6711,0.1103
2020-01-22,0.5332,0.6766,0.1434
2020-01-21,0.4974,0.6607,0.1633
2020-01-17,0.4565,0.6236,0.16699999999999998
2020-01-16,0.4148,0.5539,0.1391
2020-01-15,0.38,0.46,0.08
2020-01-14,0.36,0.4311,0.0711
2020-01-13,0.3422,0.4298,0.0876
2020-01-10,0.3203,0.4351,0.1148
2020-01-09,0.2916,0.4263,0.1347
2020-01-08,0.2579,0.3642,0.1062
2020-01-07,0.2314,0.2968,0.0655
2020-01-06,0.215,0.2585,0.0435
2020-01-03,0.2042,0.2975,0.0933
2020-01-02,0.1808,0.3551,0.1743
2019-12-31,0.1373,0.3441,0.2068
2019-12-30,0.0856,0.3504,0.2649
2019-12-27,0.0193,0.3555,0.3361
2019-12-26,-0.0647,0.3038,0.3685
2019-12-24,-0.1568,0.2253,0.3821
2019-12-23,-0.2523,0.135,0.3873
2019-12-20,-0.3492,0.025,0.3742
2019-12-19,-0.4427,-0.0853,0.3574
2019-12-18,-0.5321,-0.2146,0.3175
2019-12-17,-0.6114,-0.3408,0.2706
2019-12-16,-0.6791,-0.3973,0.2818
2019-12-13,-0.7495,-0.491,0.2585
2019-12-12,-0.8141,-0.5445,0.2696
2019-12-11,-0.8815,-0.5957,0.2859
2019-12-10,-0.953,-0.6778,0.2752
2019-12-09,-1.0218,-0.7004,0.3214
2019-12-06,-1.1022,-0.7568,0.3454
2019-12-05,-1.1885,-0.8157,0.3728
2019-12-04,-1.2817,-0.8637,0.418
2019-12-03,-1.3862,-0.9084,0.4778
2019-12-02,-1.5057,-0.9492,0.5565
2019-11-29,-1.6448,-1.0332,0.6116
2019-11-27,-1.7977,-1.1753,0.6224
2019-11-26,-1.9533,-1.3661,0.5872
2019-11-25,-2.1001,-1.5684,0.5317
2019-11-22,-2.2331,-1.761,0.4721
2019-11-21,-2.3511,-1.9293,0.4218
2019-11-20,-2.4565,-2.0915,0.365
2019-11-19,-2.5478,-2.2051,0.3427
2019-11-18,-2.6334,-2.3455,0.28800000000000003
2019-11-15,-2.7054,-2.4956,0.2098
2019-11-14,-2.7579,-2.6265,0.1313
2019-11-13,-2.7907,-2.7188,0.0719
2019-11-12,-2.8087,-2.8163,-0.0076
2019-11-11,-2.8068,-2.8967,-0.09
2019-11-08,-2.7843,-2.9868,-0.2025
2019-11-07,-2.7337,-3.0451,-0.3114
2019-11-06,-2.6558,-3.0589,-0.4031
2019-11-05,-2.555,-3.0819,-0.5269
2019-11-04,-2.4233,-3.094,-0.6707
2019-11-01,-2.2556,-3.0888,-0.8332
2019-10-31,-2.0473,-2.9935,-0.9462
2019-10-30,-1.8108,-2.8639,-1.0531
2019-10-29,-1.5475,-2.6457,-1.0982
2019-10-28,-1.273,-2.3277,-1.0547
2019-10-25,-1.0093,-1.9092,-0.8999
2019-10-24,-0.7843,-1.3718,-0.5875
2019-10-23,-0.6374,-0.7118,-0.0744
2019-10-22,-0.6188,-0.6817,-0.0628
2019-10-21,-0.6031,-0.6313,-0.0282
2019-10-18,-0.5961,-0.6881,-0.092
2019-10-17,-0.5731,-0.6386,-0.0656
2019-10-16,-0.5567,-0.6293,-0.0726
2019-10-15,-0.5385,-0.6388,-0.1003
2019-10-14,-0.5135,-0.6794,-0.1659
2019-10-11,-0.47200000000000003,-0.6703,-0.1983
2019-10-10,-0.4224,-0.708,-0.2856
2019-10-09,-0.35100000000000003,-0.6624,-0.3113
2019-10-08,-0.2732,-0.5904,-0.3172
2019-10-07,-0.1939,-0.5103,-0.3164
2019-10-04,-0.1148,-0.5127,-0.3979
2019-10-03,-0.0153,-0.4634,-0.4481
2019-10-02,0.0967,-0.3572,-0.4539
2019-10-01,0.2102,-0.1858,-0.396
2019-09-30,0.3092,-0.0204,-0.3296
2019-09-27,0.3916,0.0942,-0.2973
2019-09-26,0.4659,0.22399999999999998,-0.2419
2019-09-25,0.5264,0.2753,-0.2511
2019-09-24,0.5891,0.3308,-0.2584
2019-09-23,0.6537,0.5066,-0.1471
2019-09-20,0.6905,0.5242,-0.1663
2019-09-19,0.7321,0.5543,-0.1778
2019-09-18,0.7765,0.6152,-0.1614
2019-09-17,0.8169,0.6524,-0.1645
2019-09-16,0.858,0.6903,-0.1677
2019-09-13,0.8999,0.7776,-0.1223
2019-09-12,0.9305,0.8909999999999999,-0.0395
2019-09-11,0.9404,0.9647,0.0243
2019-09-10,0.9343,1.0396,0.1053
2019-09-09,0.9079999999999999,1.1201,0.2121
2019-09-06,0.855,1.1037,0.2488
2019-09-05,0.7928,0.9487,0.1559
2019-09-04,0.7538,0.7492,-0.0046
2019-09-03,0.7549,0.6812,-0.0738
2019-08-30,0.7734,0.727,-0.0463
2019-08-29,0.785,0.7047,-0.0802
2019-08-28,0.805,0.6823,-0.1227
2019-08-27,0.8357,0.7262,-0.1095
2019-08-26,0.8631,0.7249,-0.1382
2019-08-23,0.8976,0.7839,-0.1138
2019-08-22,0.9261,0.8926,-0.0335
2019-08-21,0.9344,0.8982,-0.0362
2019-08-20,0.9435,0.8292,-0.1143
2019-08-19,0.9721,0.7809999999999999,-0.191
2019-08-16,1.0198,0.7682,-0.2516
2019-08-15,1.0827,0.8547,-0.228
2019-08-14,1.1397,1.0026,-0.1371
2019-08-13,1.1740000000000002,1.1197,-0.0543
2019-08-12,1.1876,1.1348,-0.0527
2019-08-09,1.2007,1.273,0.0723
2019-08-08,1.1827,1.324,0.1413
2019-08-07,1.1473,1.3148,0.1675
2019-08-06,1.1055,1.3186,0.2131
2019-08-05,1.0522,1.3459999999999999,0.2938
2019-08-02,0.9787,1.4581,0.4794
2019-08-01,0.8589,1.3275,0.4686
2019-07-31,0.7417,1.2198,0.4781
2019-07-30,0.6222,1.0413,0.419
2019-07-29,0.5175,0.9316,0.4141
2019-07-26,0.4139,0.7272,0.3133
2019-07-25,0.3356,0.4536,0.11800000000000001
2019-07-24,0.3061,0.4441,0.138
2019-07-23,0.2716,0.3633,0.0917
2019-07-22,0.2487,0.3395,0.0908
2019-07-19,0.226,0.3367,0.1107
2019-07-18,0.1983,0.4107,0.2124
2019-07-17,0.1452,0.4085,0.2633
2019-07-16,0.0794,0.3958,0.3164
2019-07-15,0.0003,0.3442,0.3439
2019-07-12,-0.0857,0.2031,0.2888
2019-07-11,-0.1579,0.1056,0.2636
2019-07-10,-0.2238,0.0438,0.2676
2019-07-09,-0.2907,-0.0622,0.2285
2019-07-08,-0.3479,-0.2149,0.1329
2019-07-05,-0.3811,-0.2846,0.0965
2019-07-03,-0.4052,-0.3489,0.0563
2019-07-02,-0.4193,-0.4026,0.0167
2019-07-01,-0.4235,-0.4856,-0.0622
2019-06-28,-0.4079,-0.5703,-0.1623
2019-06-27,-0.3674,-0.5499,-0.1825
2019-06-26,-0.3217,-0.5006,-0.1788
2019-06-25,-0.27699999999999997,-0.4782,-0.2012
2019-06-24,-0.2267,-0.3918,-0.1651
2019-06-21,-0.1855,-0.3634,-0.1779
2019-06-20,-0.141,-0.2648,-0.1238
2019-06-19,-0.11,-0.1779,-0.0679
2019-06-18,-0.09300000000000001,-0.1509,-0.0579
2019-06-17,-0.0786,-0.1509,-0.0724
2019-06-14,-0.0605,-0.1274,-0.0669
2019-06-13,-0.0438,-0.066,-0.0222
2019-06-12,-0.0382,-0.0059,0.0323
2019-06-11,-0.0463,-0.0463,-0.0001
2019-06-10,-0.0463,-0.0687,-0.0224
2019-06-07,-0.0407,-0.1401,-0.0994
2019-06-06,-0.0158,-0.2586,-0.2428
2019-06-05,0.0449,-0.2697,-0.3146
2019-06-04,0.1235,-0.2535,-0.3771
2019-06-03,0.2178,-0.2057,-0.4235
2019-05-31,0.3237,0.0283,-0.2954
2019-05-30,0.3975,0.122,-0.2756
2019-05-29,0.4664,0.1684,-0.298
2019-05-28,0.5409,0.2548,-0.2861
2019-05-24,0.6125,0.3166,-0.2959
2019-05-23,0.6864,0.3786,-0.3078
2019-05-22,0.7634,0.4746,-0.2887
2019-05-21,0.8356,0.4488,-0.3868
2019-05-20,0.9322,0.5223,-0.4099
2019-05-17,1.0347,0.6411,-0.3936
2019-05-16,1.1331,0.7478,-0.3854
2019-05-15,1.2295,0.7916,-0.4379
2019-05-14,1.3389,0.8767,-0.4622
2019-05-13,1.4545,1.0714,-0.3831
2019-05-10,1.5503,1.339,-0.2113
2019-05-09,1.6031,1.4716,-0.1315
2019-05-08,1.636,1.5848,-0.0512
2019-05-07,1.6488,1.7276,0.0789
2019-05-06,1.629,1.8808,0.2517
2019-05-03,1.5661,1.8849,0.3188
2019-05-02,1.4864,1.8048,0.3184
2019-05-01,1.4068,1.7628,0.35600000000000004
2019-04-30,1.3178,1.7507,0.4329
2019-04-29,1.2096,1.6468,0.4372
2019-04-26,1.1003,1.5033,0.4031
2019-04-25,0.9995,1.4114,0.4119
2019-04-24,0.8965,1.2929,0.3964
2019-04-23,0.7974,1.0404,0.243
2019-04-22,0.7367,0.6541,-0.0825
2019-04-18,0.7573,0.6993,-0.057999999999999996
2019-04-17,0.7718,0.7458,-0.026000000000000002
2019-04-16,0.7783,0.7862,0.0079
2019-04-15,0.7763,0.8283,0.052000000000000005
2019-04-12,0.7633,0.8445,0.0813
2019-04-11,0.743,0.8876,0.1446
2019-04-10,0.7068,0.9083,0.2015
2019-04-09,0.6565,0.9042,0.2477
2019-04-08,0.5945,0.8461,0.2516
2019-04-05,0.5316,0.7881,0.2565
2019-04-04,0.4675,0.7169,0.2494
2019-04-03,0.4052,0.6461,0.24100000000000002
2019-04-02,0.3449,0.5505,0.2056
2019-04-01,0.2935,0.4845,0.191
2019-03-29,0.2458,0.4249,0.1791
2019-03-28,0.201,0.3996,0.1986
2019-03-27,0.1513,0.3625,0.2112
2019-03-26,0.0985,0.37,0.2714
2019-03-25,0.0307,0.2947,0.264
2019-03-22,-0.0353,0.2422,0.2775
2019-03-21,-0.1047,0.1279,0.2325
2019-03-20,-0.1628,0.0218,0.1847
2019-03-19,-0.209,-0.1097,0.0992
2019-03-18,-0.2338,-0.1437,0.0901
2019-03-15,-0.2563,-0.1657,0.0906
2019-03-14,-0.27899999999999997,-0.2055,0.0735
2019-03-13,-0.2973,-0.23399999999999999,0.0633
2019-03-12,-0.3132,-0.2945,0.0186
2019-03-11,-0.3178,-0.3532,-0.0354
2019-03-08,-0.309,-0.3934,-0.0844
2019-03-07,-0.2879,-0.3545,-0.0667
2019-03-06,-0.2712,-0.3079,-0.0367
2019-03-05,-0.262,-0.3131,-0.051
2019-03-04,-0.2493,-0.3386,-0.0893
2019-03-01,-0.22699999999999998,-0.3123,-0.0853
2019-02-28,-0.2056,-0.2864,-0.0807
2019-02-27,-0.1855,-0.2654,-0.0799
2019-02-26,-0.1655,-0.1971,-0.0316
2019-02-25,-0.1576,-0.1682,-0.0106
2019-02-22,-0.1549,-0.2286,-0.0737
2019-02-21,-0.1365,-0.2738,-0.1374
2019-02-20,-0.1022,-0.2309,-0.1288
2019-02-19,-0.07,-0.2349,-0.1649
2019-02-15,-0.0287,-0.265,-0.2363
2019-02-14,0.0303,-0.2568,-0.2872
2019-02-13,0.1021,-0.2152,-0.3173
2019-02-12,0.1815,-0.1752,-0.3567
2019-02-11,0.2706,-0.0473,-0.318
2019-02-08,0.3501,0.1329,-0.2172
2019-02-07,0.4044,0.3834,-0.021
2019-02-06,0.4097,0.6171,0.2074
2019-02-05,0.3578,0.5644,0.2065
2019-02-04,0.3062,0.4674,0.1612
2019-02-01,0.2659,0.3807,0.1148
2019-01-31,0.2372,0.3408,0.1036
2019-01-30,0.2113,0.2472,0.0359
2019-01-29,0.2023,0.2565,0.0542
2019-01-28,0.1888,0.3279,0.1391
2019-01-25,0.154,0.2625,0.1085
2019-01-24,0.1269,0.1985,0.0717
2019-01-23,0.109,0.2454,0.1365
2019-01-22,0.0748,0.3669,0.292
2019-01-18,0.0018,0.3862,0.3843
2019-01-17,-0.0942,0.3014,0.3956
2019-01-16,-0.1931,0.2315,0.4247
2019-01-15,-0.2993,0.1777,0.47700000000000004
2019-01-14,-0.4186,0.0504,0.469
2019-01-11,-0.5358,-0.0466,0.4892
2019-01-10,-0.6581,-0.2207,0.4374
2019-01-09,-0.7675,-0.4621,0.3054
2019-01-08,-0.8438,-0.6779,0.1659
2019-01-07,-0.8853,-0.8977,-0.0125
2019-01-04,-0.8822,-1.1184,-0.2362
2019-01-03,-0.8231,-1.2422,-0.4191
2019-01-02,-0.7183,-1.1827,-0.4644
2018-12-31,-0.6022,-1.173,-0.5707
2018-12-28,-0.4595,-1.1364,-0.6768
2018-12-27,-0.2903,-1.0415,-0.7512
2018-12-26,-0.1025,-0.9308,-0.8283
2018-12-24,0.1046,-0.7739,-0.8785
2018-12-21,0.3242,-0.3374,-0.6616
2018-12-20,0.4896,0.1371,-0.3525
2018-12-19,0.5777,0.5391,-0.0386
2018-12-18,0.5873,0.6738,0.0865
2018-12-17,0.5657,0.7535,0.1878
2018-12-14,0.5188,0.8757,0.35700000000000004
2018-12-13,0.4295,0.7706,0.3411
2018-12-12,0.3443,0.6232,0.2789
2018-12-11,0.2746,0.3893,0.1148
2018-12-10,0.2459,0.2684,0.0225
2018-12-07,0.2402,0.214,-0.0262
2018-12-06,0.2468,0.2026,-0.0442
2018-12-04,0.2578,0.1718,-0.086
2018-12-03,0.2793,0.1708,-0.1086
2018-11-30,0.3065,0.055,-0.2515
2018-11-29,0.3694,0.1314,-0.23800000000000002
2018-11-28,0.4289,0.2422,-0.1866
2018-11-27,0.4755,0.2346,-0.2409
2018-11-26,0.5357,0.2337,-0.302
2018-11-23,0.6112,0.2078,-0.4034
2018-11-21,0.7121,0.3448,-0.3673
2018-11-20,0.8039,0.4647,-0.3393
2018-11-19,0.8887,0.667,-0.2218
2018-11-16,0.9442,0.8218,-0.1224
2018-11-15,0.9748,0.8354,-0.1394
2018-11-14,1.0096,0.8935,-0.1161
2018-11-13,1.0387,0.9791,-0.0595
2018-11-12,1.0536,1.117,0.0634
2018-11-09,1.0377,1.3255,0.2878
2018-11-08,0.9658,1.3616,0.3959
2018-11-07,0.8668,1.3778,0.511
2018-11-06,0.7391,1.2959,0.5568
2018-11-05,0.5998,1.2305,0.6306
2018-11-02,0.4422,1.1699,0.7277
2018-11-01,0.2603,1.047,0.7867
2018-10-31,0.0636,0.8423,0.7787
2018-10-30,-0.1311,0.5556,0.6867
2018-10-29,-0.3028,0.2722,0.575
2018-10-26,-0.4465,0.0562,0.5027
2018-10-25,-0.5722,-0.2173,0.3549
2018-10-24,-0.6609,-0.5062,0.1547
2018-10-23,-0.6996,-0.4338,0.2658
2018-10-22,-0.7659999999999999,-0.4603,0.3057
2018-10-19,-0.8425,-0.5292,0.3132
2018-10-18,-0.9208,-0.5739,0.3469
2018-10-17,-1.0075,-0.6693,0.3382
2018-10-16,-1.0921,-0.8079,0.2842
2018-10-15,-1.1631,-1.0056,0.1575
2018-10-12,-1.2025,-1.115,0.0875
2018-10-11,-1.2244,-1.1753,0.0491
2018-10-10,-1.2366,-1.1343,0.1023
2018-10-09,-1.2622,-1.0442,0.218
2018-10-08,-1.3167,-1.1665,0.1502
2018-10-05,-1.3542,-1.2221,0.1321
2018-10-04,-1.3873,-1.2692,0.11800000000000001
2018-10-03,-1.4168,-1.2946,0.1221
2018-10-02,-1.4473,-1.3876,0.0597
2018-10-01,-1.4622,-1.4026,0.0596
2018-09-28,-1.4771,-1.4136,0.0635
2018-09-27,-1.493,-1.4223,0.0707
2018-09-26,-1.5107,-1.5105,0.0002
2018-09-25,-1.5107,-1.5593,-0.0486
2018-09-24,-1.4986,-1.6091,-0.1106
2018-09-21,-1.4709,-1.5974,-0.1265
2018-09-20,-1.4393,-1.5490000000000002,-0.1097
2018-09-19,-1.4118,-1.6022,-0.1903
2018-09-18,-1.3643,-1.6131,-0.2489
2018-09-17,-1.3019999999999998,-1.5731,-0.271
2018-09-14,-1.2343,-1.4624,-0.2281
2018-09-13,-1.1773,-1.4282,-0.251
2018-09-12,-1.1145,-1.3913,-0.2768
2018-09-11,-1.0453,-1.2587,-0.2134
2018-09-10,-0.992,-1.1873,-0.1953
2018-09-07,-0.9431,-1.0432,-0.1001
2018-09-06,-0.9181,-0.8391,0.079
2018-09-05,-0.9379,-0.5989,0.3389
2018-09-04,-1.0226,-0.4791,0.5435
2018-08-31,-1.1585,-0.5341,0.6243
2018-08-30,-1.3145,-0.6312,0.6834
2018-08-29,-1.4854,-0.7927,0.6927
2018-08-28,-1.6586,-0.9577,0.7008
2018-08-27,-1.8338,-1.1687,0.665
2018-08-24,-2.0,-1.4618,0.5382
2018-08-23,-2.1346,-1.6507,0.4839
2018-08-22,-2.2556,-1.827,0.4286
2018-08-21,-2.3627,-2.0184,0.3444
2018-08-20,-2.4488,-2.221,0.2278
2018-08-17,-2.5058,-2.3364,0.1694
2018-08-16,-2.5481,-2.4629,0.0852
2018-08-15,-2.5694,-2.5988,-0.0294
2018-08-14,-2.562,-2.6885,-0.1265
2018-08-13,-2.5304,-2.8465,-0.316
2018-08-10,-2.4514,-2.9669,-0.5155
2018-08-09,-2.3225,-2.9971,-0.6746
2018-08-08,-2.1539,-2.987,-0.8331
2018-08-07,-1.9456,-2.9183,-0.9727
2018-08-06,-1.7025,-2.8728,-1.1703
2018-08-03,-1.4099,-2.8044,-1.3945
2018-08-02,-1.0613,-2.5725,-1.5113
2018-08-01,-0.6834,-2.3267,-1.6432
2018-07-31,-0.2726,-1.8864,-1.6138
2018-07-30,0.1308,-1.2930000000000001,-1.4238
2018-07-27,0.4868,-0.4668,-0.9536
2018-07-26,0.7252,0.3155,-0.4096
2018-07-25,0.8276,0.4114,-0.4162
2018-07-24,0.9316,0.3974,-0.5342
2018-07-23,1.0652,0.5826,-0.4826
2018-07-20,1.1858,0.6943,-0.4915
2018-07-19,1.3087,0.8157,-0.493
2018-07-18,1.4319,0.9567,-0.4753
2018-07-17,1.5508,1.1329,-0.4179
2018-07-16,1.6552,1.2018,-0.4534
2018-07-13,1.7686,1.3182,-0.4504
2018-07-12,1.8812,1.4241,-0.4571
2018-07-11,1.9955,1.4601,-0.5354
2018-07-10,2.1293,1.6264,-0.5029
2018-07-09,2.255,1.8272,-0.4278
2018-07-06,2.362,2.0173,-0.3447
2018-07-05,2.4481,1.9749,-0.4732
2018-07-03,2.5664,2.0540000000000003,-0.5124
2018-07-02,2.6945,2.2442,-0.4503
2018-06-29,2.8071,2.3434,-0.4637
2018-06-28,2.923,2.5693,-0.3538
2018-06-27,3.0115,2.7062,-0.3053
2018-06-26,3.0878,2.9525,-0.1353
2018-06-25,3.1216,3.1079,-0.0137
2018-06-22,3.1251,3.3293,0.2042
2018-06-21,3.074,3.3892,0.3152
2018-06-20,2.9952,3.4817,0.4865
2018-06-19,2.8736,3.4584,0.5848
2018-06-18,2.7274,3.4985,0.7711
2018-06-15,2.5346,3.392,0.8573
2018-06-14,2.3203,3.227,0.9067
2018-06-13,2.0936,2.8717,0.778
2018-06-12,1.8991,2.6503,0.7512
2018-06-11,1.7113,2.3883,0.677
2018-06-08,1.5421,2.2299,0.6878
2018-06-07,1.3701,2.0167,0.6466
2018-06-06,1.2085,1.8689,0.6604
2018-06-05,1.0434,1.6124,0.5691
2018-06-04,0.9011,1.2921,0.391
2018-06-01,0.8033,1.06,0.2567
2018-05-31,0.7392,0.8736,0.1344
2018-05-30,0.7056,0.8214,0.1158
2018-05-29,0.6766,0.7775,0.1009
2018-05-25,0.6514,0.7428,0.0914
2018-05-24,0.6285,0.7294,0.1009
2018-05-23,0.6033,0.7129,0.1096
2018-05-22,0.5759,0.6917,0.1158
2018-05-21,0.547,0.7115,0.1646
2018-05-18,0.5058,0.6481,0.1423
2018-05-17,0.4703,0.6596,0.1893
2018-05-16,0.4229,0.6696,0.2467
2018-05-15,0.3613,0.6535,0.2922
2018-05-14,0.2882,0.6253,0.3371
2018-05-11,0.2039,0.5151,0.3112
2018-05-10,0.1261,0.4322,0.3061
2018-05-09,0.0496,0.3078,0.2582
2018-05-08,-0.0149,0.1863,0.2012
2018-05-07,-0.0652,0.0906,0.1559
2018-05-04,-0.1042,0.0202,0.1244
2018-05-03,-0.1353,-0.0406,0.0947
2018-05-02,-0.159,-0.0798,0.0792
2018-05-01,-0.1788,-0.1165,0.0623
2018-04-30,-0.1944,-0.1362,0.0581
2018-04-27,-0.2089,-0.1604,0.0485
2018-04-26,-0.221,-0.0556,0.1654
2018-04-25,-0.2624,-0.0503,0.2121
2018-04-24,-0.3154,0.0102,0.3256
2018-04-23,-0.3968,0.0139,0.4107
2018-04-20,-0.4994,-0.057999999999999996,0.4415
2018-04-19,-0.6098,-0.2191,0.3908
2018-04-18,-0.7075,-0.3838,0.3237
2018-04-17,-0.7884,-0.5885,0.1999
2018-04-16,-0.8384,-0.8718,-0.0334
2018-04-13,-0.83,-0.8887,-0.0587
2018-04-12,-0.8153,-0.9158,-0.1004
2018-04-11,-0.7902,-0.9614,-0.1712
2018-04-10,-0.7474,-1.0454,-0.2979
2018-04-09,-0.6729999999999999,-1.1516,-0.4786
2018-04-06,-0.5533,-1.1156,-0.5623
2018-04-05,-0.4127,-1.0627,-0.6499
2018-04-04,-0.2503,-1.0346,-0.7844
2018-04-03,-0.0542,-0.9440000000000001,-0.8899
2018-04-02,0.1683,-0.7424,-0.9107
2018-03-29,0.396,-0.5252,-0.9212
2018-03-28,0.6263,-0.33899999999999997,-0.9653
2018-03-27,0.8676,-0.0395,-0.9071
2018-03-26,1.0944,0.3821,-0.7123
2018-03-23,1.2724,0.5237,-0.7488
2018-03-22,1.4596,0.7863,-0.6733
2018-03-21,1.6280000000000001,1.0929,-0.5351
2018-03-20,1.7617,1.3124,-0.4493
2018-03-19,1.8741,1.7141,-0.16
2018-03-16,1.9141,1.8322,-0.0819
2018-03-15,1.9345,1.8952,-0.0393
2018-03-14,1.9444,1.9257,-0.0187
2018-03-13,1.949,1.8551,-0.0939
2018-03-12,1.9725,1.9916,0.019
2018-03-09,1.9678,1.9952,0.0275
2018-03-08,1.9609,1.9862,0.0253
2018-03-07,1.9546,1.9967,0.0421
2018-03-06,1.944,1.8883,-0.0557
2018-03-05,1.9580000000000002,1.858,-0.1
2018-03-02,1.983,1.777,-0.20600000000000002
2018-03-01,2.0345,1.8086,-0.2259
2018-02-28,2.0909,1.9001,-0.1909
2018-02-27,2.1387,2.0278,-0.1108
2018-02-26,2.1664,2.2164,0.0501
2018-02-23,2.1538,2.3393,0.1855
2018-02-22,2.1075,2.4113,0.3038
2018-02-21,2.0315,2.5241,0.4926
2018-02-20,1.9084,2.502,0.5936
2018-02-16,1.76,2.4924,0.7325
2018-02-15,1.5768,2.4215,0.8447
2018-02-14,1.3657,2.2398,0.8741
2018-02-13,1.1471,1.9611,0.8139
2018-02-12,0.9437,1.6083,0.6646
2018-02-09,0.7775,1.3882,0.6107
2018-02-08,0.6248,1.03,0.4052
2018-02-07,0.5235,0.6933,0.1698
2018-02-06,0.4811,0.5864,0.1053
2018-02-05,0.4548,0.6115,0.1567
2018-02-02,0.4156,0.6458,0.2302
2018-02-01,0.358,0.5997,0.2417
2018-01-31,0.2976,0.408,0.1104
2018-01-30,0.27,0.2928,0.0228
2018-01-29,0.2643,0.1608,-0.1035
2018-01-26,0.2902,0.0348,-0.2554
2018-01-25,0.354,-0.0338,-0.3878
2018-01-24,0.451,0.0939,-0.3571
2018-01-23,0.5403,0.2341,-0.3062
2018-01-22,0.6168,0.371,-0.2458
2018-01-19,0.6782,0.4823,-0.1959
2018-01-18,0.7272,0.5827,-0.1445
2018-01-17,0.7634,0.6637,-0.0996
2018-01-16,0.7883,0.7045,-0.0837
2018-01-12,0.8092,0.7362,-0.073
2018-01-11,0.8274,0.6895,-0.1379
2018-01-10,0.8619,0.7278,-0.1341
2018-01-09,0.8954,0.7763,-0.1191
2018-01-08,0.9252,0.8351,-0.0901
2018-01-05,0.9477,0.8552,-0.0925
2018-01-04,0.9708,0.8959,-0.0749
2018-01-03,0.9896,0.9684,-0.0211
2018-01-02,0.9948,1.0001,0.0052
2017-12-29,0.9935,1.0198,0.0263
2017-12-28,0.987,1.0811,0.0941
2017-12-27,0.9634,1.113,0.1495
2017-12-26,0.9259999999999999,1.1457,0.2196
2017-12-22,0.8711,1.1677,0.2965
2017-12-21,0.797,1.1584,0.3614
2017-12-20,0.7066,1.0697,0.363
2017-12-19,0.6159,0.9256,0.3097
2017-12-18,0.5385,0.7404,0.20199999999999999
2017-12-15,0.488,0.5341,0.0461
2017-12-14,0.4764,0.5123,0.0359
2017-12-13,0.4675,0.4415,-0.026000000000000002
2017-12-12,0.474,0.4384,-0.0356
2017-12-11,0.4829,0.429,-0.0538
2017-12-08,0.4963,0.3701,-0.1262
2017-12-07,0.5279,0.3863,-0.1416
2017-12-06,0.5633,0.4104,-0.1529
2017-12-05,0.6015,0.4271,-0.1744
2017-12-04,0.6451,0.4748,-0.1702
2017-12-01,0.6876,0.5665,-0.1211
2017-11-30,0.7179,0.6437,-0.0742
2017-11-29,0.7365,0.7461,0.0096
2017-11-28,0.7341,0.8445,0.1105
2017-11-27,0.7065,0.852,0.1456
2017-11-24,0.6701,0.8502,0.1801
2017-11-22,0.625,0.7744,0.1494
2017-11-21,0.5877,0.6817,0.094
2017-11-20,0.5642,0.5932,0.028999999999999998
2017-11-17,0.5569,0.5479,-0.009000000000000001
2017-11-16,0.5592,0.5198,-0.0394
2017-11-15,0.569,0.5172,-0.0519
2017-11-14,0.5820000000000001,0.552,-0.03
2017-11-13,0.5895,0.5743,-0.0152
2017-11-10,0.5933,0.5821,-0.0112
2017-11-09,0.5961,0.5683,-0.0278
2017-11-08,0.603,0.5852,-0.0178
2017-11-07,0.6075,0.6299,0.0224
2017-11-06,0.6019,0.6706,0.0687
2017-11-03,0.5847,0.7403,0.1556
2017-11-02,0.5458,0.7665,0.2207
2017-11-01,0.4906,0.8082,0.3176
2017-10-31,0.4112,0.7581,0.3468
2017-10-30,0.3245,0.682,0.3575
2017-10-27,0.2352,0.5108,0.2757
2017-10-26,0.1663,0.2411,0.0749
2017-10-25,0.1475,0.0329,-0.1146
2017-10-24,0.1762,0.0894,-0.0867
2017-10-23,0.1979,0.1491,-0.0488
2017-10-20,0.2101,0.2108,0.0007
2017-10-19,0.2099,0.2356,0.0257
2017-10-18,0.2035,0.2618,0.0583
2017-10-17,0.1889,0.2782,0.0893
2017-10-16,0.1665,0.2686,0.1021
2017-10-13,0.141,0.2474,0.1063
2017-10-12,0.1144,0.1861,0.0717
2017-10-11,0.0965,0.1236,0.0271
2017-10-10,0.0898,0.1152,0.0255
2017-10-09,0.0834,0.1355,0.0521
2017-10-06,0.0704,0.1329,0.0626
2017-10-05,0.0547,0.1094,0.0547
2017-10-04,0.040999999999999995,0.037000000000000005,-0.004
2017-10-03,0.042,-0.005,-0.047
2017-10-02,0.0538,-0.0422,-0.096
2017-09-29,0.0778,-0.0382,-0.11599999999999999
2017-09-28,0.1068,-0.0101,-0.1169
2017-09-27,0.136,0.0278,-0.1082
2017-09-26,0.1631,0.0658,-0.0973
2017-09-25,0.1874,0.1498,-0.0376
2017-09-22,0.1968,0.2153,0.0185
2017-09-21,0.1922,0.2315,0.0393
2017-09-20,0.1823,0.2519,0.0696
2017-09-19,0.1649,0.2702,0.1052
2017-09-18,0.1386,0.2754,0.1367
2017-09-15,0.1044,0.2943,0.1898
2017-09-14,0.057,0.2723,0.2154
2017-09-13,0.0032,0.2201,0.2169
2017-09-12,-0.0511,0.1511,0.2022
2017-09-11,-0.1016,0.064,0.1656
2017-09-08,-0.14300000000000002,0.0038,0.1468
2017-09-07,-0.1797,-0.0517,0.128
2017-09-06,-0.2117,-0.0984,0.1134
2017-09-05,-0.2401,-0.1168,0.1233
2017-09-01,-0.2709,-0.1203,0.1506
2017-08-31,-0.3086,-0.1444,0.1641
2017-08-30,-0.3496,-0.1782,0.1714
2017-08-29,-0.3924,-0.2207,0.1717
2017-08-28,-0.4353,-0.2718,0.1635
2017-08-25,-0.4762,-0.3168,0.1594
2017-08-24,-0.5161,-0.3573,0.1587
2017-08-23,-0.5558,-0.4284,0.1274
2017-08-22,-0.5876,-0.5199,0.0677
2017-08-21,-0.6045,-0.5955,0.009000000000000001
2017-08-18,-0.6068,-0.6305,-0.0237
2017-08-17,-0.6009,-0.6537,-0.0529
2017-08-16,-0.5876,-0.6616,-0.07400000000000001
2017-08-15,-0.5691,-0.6917,-0.1225
2017-08-14,-0.5385,-0.6985,-0.16
2017-08-11,-0.4985,-0.7114,-0.2129
2017-08-10,-0.4453,-0.7002,-0.2549
2017-08-09,-0.3816,-0.6583,-0.2767
2017-08-08,-0.3124,-0.635,-0.3226
2017-08-07,-0.2317,-0.5971,-0.3654
2017-08-04,-0.1404,-0.5655,-0.4251
2017-08-03,-0.0341,-0.5057,-0.4716
2017-08-02,0.0838,-0.4108,-0.4946
2017-08-01,0.2074,-0.2726,-0.48
2017-07-31,0.3274,-0.1064,-0.4338
2017-07-28,0.4359,0.1195,-0.3163
2017-07-27,0.5149,0.3389,-0.17600000000000002
2017-07-26,0.5589999999999999,0.6048,0.0459
2017-07-25,0.5475,0.6534,0.1059
2017-07-24,0.521,0.6692,0.1482
2017-07-21,0.4839,0.6767,0.1927
2017-07-20,0.4358,0.6651,0.2293
2017-07-19,0.3784,0.5979,0.2195
2017-07-18,0.3236,0.5452,0.2216
2017-07-17,0.2682,0.4842,0.21600000000000003
2017-07-14,0.2142,0.4034,0.1892
2017-07-13,0.1669,0.325,0.1581
2017-07-12,0.1273,0.2527,0.1254
2017-07-11,0.096,0.1639,0.0679
2017-07-10,0.079,0.1103,0.0313
2017-07-07,0.0712,0.0973,0.0261
2017-07-06,0.0647,0.0854,0.0208
2017-07-05,0.0595,0.0792,0.0197
2017-07-03,0.0546,0.0802,0.0257
2017-06-30,0.0481,0.0977,0.0496
2017-06-29,0.0357,0.0963,0.0605
2017-06-28,0.0206,0.1154,0.0948
2017-06-27,-0.0031,0.1075,0.1106
2017-06-26,-0.0307,0.0786,0.1094
2017-06-23,-0.0581,0.0233,0.0814
2017-06-22,-0.0784,-0.069,0.0094
2017-06-21,-0.0808,-0.1502,-0.0694
2017-06-20,-0.0634,-0.214,-0.1506
2017-06-19,-0.0258,-0.2037,-0.1779
2017-06-16,0.0187,-0.2029,-0.2216
2017-06-15,0.0741,-0.1592,-0.2332
2017-06-14,0.1324,-0.1174,-0.2497
2017-06-13,0.1948,-0.0552,-0.25
2017-06-12,0.2573,0.0036,-0.2537
2017-06-09,0.3207,0.0715,-0.2492
2017-06-08,0.38299999999999995,0.1714,-0.2117
2017-06-07,0.436,0.2261,-0.2099
2017-06-06,0.4884,0.3079,-0.1806
2017-06-05,0.5336,0.3946,-0.139
2017-06-02,0.5683,0.4323,-0.1361
2017-06-01,0.6023,0.466,-0.1364
2017-05-31,0.6364,0.4798,-0.1566
2017-05-30,0.6756,0.5119,-0.1637
2017-05-26,0.7165,0.5341,-0.1824
2017-05-25,0.7621,0.5752,-0.1869
2017-05-24,0.8088,0.6477,-0.1612
2017-05-23,0.8491,0.7278,-0.1214
2017-05-22,0.8795,0.8021,-0.0774
2017-05-19,0.8988,0.8567,-0.0421
2017-05-18,0.9094,0.9222,0.0129
2017-05-17,0.9061,0.9761,0.0699
2017-05-16,0.8887,1.054,0.1654
2017-05-15,0.8473,1.015,0.1677
2017-05-12,0.8054,0.9769,0.1715
2017-05-11,0.7625,0.9772,0.2146
2017-05-10,0.7089,0.9857,0.2768
2017-05-09,0.6397,0.9670000000000001,0.3274
2017-05-08,0.5578,0.9464,0.3886
2017-05-05,0.4607,0.9124,0.4517
2017-05-04,0.3477,0.8170000000000001,0.4693
2017-05-03,0.2304,0.7048,0.4744
2017-05-02,0.1118,0.5422,0.4304
2017-05-01,0.0042,0.3604,0.3562
2017-04-28,-0.0848,0.1943,0.2791
2017-04-27,-0.1546,0.0874,0.242
2017-04-26,-0.2151,-0.0635,0.1516
2017-04-25,-0.253,-0.1747,0.0783
2017-04-24,-0.2726,-0.1961,0.0765
2017-04-21,-0.2917,-0.2256,0.0661
2017-04-20,-0.3082,-0.2518,0.0564
2017-04-19,-0.3223,-0.2837,0.0386
2017-04-18,-0.332,-0.309,0.023
2017-04-17,-0.3377,-0.3267,0.0111
2017-04-13,-0.3405,-0.3404,0.0002
2017-04-12,-0.3406,-0.3427,-0.0022
2017-04-11,-0.34,-0.3529,-0.0129
2017-04-10,-0.3368,-0.3497,-0.0129
2017-04-07,-0.3336,-0.3455,-0.0119
2017-04-06,-0.3306,-0.32799999999999996,0.0025
2017-04-05,-0.3312,-0.3111,0.0201
2017-04-04,-0.3362,-0.2993,0.0369
2017-04-03,-0.3455,-0.2962,0.0493
2017-03-31,-0.3578,-0.3031,0.0547
2017-03-30,-0.3714,-0.3187,0.0527
2017-03-29,-0.3846,-0.331,0.0536
2017-03-28,-0.39799999999999996,-0.3541,0.044000000000000004
2017-03-27,-0.409,-0.3682,0.0408
2017-03-24,-0.4192,-0.3859,0.0333
2017-03-23,-0.4275,-0.4182,0.0093
2017-03-22,-0.4299,-0.43200000000000005,-0.0021
2017-03-21,-0.4293,-0.4484,-0.019
2017-03-20,-0.4246,-0.418,0.0066
2017-03-17,-0.4262,-0.4291,-0.0028
2017-03-16,-0.4255,-0.436,-0.0105
2017-03-15,-0.4229,-0.4497,-0.0268
2017-03-14,-0.4162,-0.4443,-0.0281
2017-03-13,-0.4092,-0.4605,-0.0513
2017-03-10,-0.3964,-0.4633,-0.0669
2017-03-09,-0.3796,-0.451,-0.0713
2017-03-08,-0.3618,-0.4388,-0.077
2017-03-07,-0.3425,-0.419,-0.0765
2017-03-06,-0.3234,-0.3815,-0.0581
2017-03-03,-0.3089,-0.3668,-0.0579
2017-03-02,-0.2944,-0.36200000000000004,-0.0675
2017-03-01,-0.2776,-0.3547,-0.0771
2017-02-28,-0.2583,-0.3402,-0.0819
2017-02-27,-0.2378,-0.3147,-0.0769
2017-02-24,-0.2186,-0.3072,-0.0886
2017-02-23,-0.1964,-0.2849,-0.0884
2017-02-22,-0.1743,-0.2574,-0.0831
2017-02-21,-0.1536,-0.2237,-0.0701
2017-02-17,-0.136,-0.212,-0.076
2017-02-16,-0.11699999999999999,-0.2144,-0.0974
2017-02-15,-0.0927,-0.1869,-0.0942
2017-02-14,-0.0691,-0.1887,-0.1195
2017-02-13,-0.0393,-0.1658,-0.1266
2017-02-10,-0.0076,-0.062,-0.0543
2017-02-09,0.006,0.0949,0.0889
2017-02-08,-0.0163,0.2092,0.2255
2017-02-07,-0.0726,0.1169,0.1896
2017-02-06,-0.12,0.0442,0.1643
2017-02-03,-0.1611,-0.0156,0.1455
2017-02-02,-0.1975,-0.0591,0.1384
2017-02-01,-0.2321,-0.1311,0.1009
2017-01-31,-0.2573,-0.1662,0.0912
2017-01-30,-0.2801,-0.2472,0.0329
2017-01-27,-0.2883,-0.2777,0.0106
2017-01-26,-0.29100000000000004,-0.275,0.016
2017-01-25,-0.295,-0.2919,0.0031
2017-01-24,-0.2958,-0.3012,-0.0054
2017-01-23,-0.2944,-0.2872,0.0072
2017-01-20,-0.2962,-0.2744,0.0219
2017-01-19,-0.3017,-0.251,0.0507
2017-01-18,-0.3144,-0.2388,0.0756
2017-01-17,-0.3333,-0.2524,0.0809
2017-01-13,-0.3535,-0.2508,0.1028
2017-01-12,-0.3792,-0.2746,0.1046
2017-01-11,-0.4054,-0.3142,0.0911
2017-01-10,-0.4281,-0.3521,0.076
2017-01-09,-0.4471,-0.4025,0.0446
2017-01-06,-0.4583,-0.4742,-0.0159
2017-01-05,-0.4543,-0.5252,-0.0708
2017-01-04,-0.4366,-0.5745,-0.1378
2017-01-03,-0.4022,-0.6056,-0.2034
2016-12-30,-0.3513,-0.5938,-0.2425
2016-12-29,-0.2907,-0.5558,-0.2651
2016-12-28,-0.2244,-0.5084,-0.2839
2016-12-27,-0.1535,-0.4405,-0.287
2016-12-23,-0.0817,-0.3698,-0.2881
2016-12-22,-0.0097,-0.263,-0.2533
2016-12-21,0.0537,-0.1137,-0.1674
2016-12-20,0.0955,0.0103,-0.0853
2016-12-19,0.1168,0.0828,-0.034
2016-12-16,0.1253,0.1417,0.0163
2016-12-15,0.1212,0.175,0.0538
2016-12-14,0.1078,0.1987,0.0909
2016-12-13,0.0851,0.2118,0.1267
2016-12-12,0.0534,0.1807,0.1273
2016-12-09,0.0216,0.1831,0.1615
2016-12-08,-0.0188,0.1102,0.129
2016-12-07,-0.051,0.0166,0.0676
2016-12-06,-0.0679,-0.0869,-0.0189
2016-12-05,-0.0632,-0.0904,-0.0271
2016-12-02,-0.0564,-0.0935,-0.0371
2016-12-01,-0.0472,-0.0656,-0.0184
2016-11-30,-0.0425,-0.0392,0.0033
2016-11-29,-0.0434,-0.0518,-0.0085
2016-11-28,-0.0413,-0.0366,0.0047
2016-11-25,-0.0424,-0.0278,0.0146
2016-11-23,-0.0461,0.0082,0.0543
2016-11-22,-0.0596,0.0378,0.0974
2016-11-21,-0.084,0.0332,0.1172
2016-11-18,-0.1133,0.03,0.1432
2016-11-17,-0.1491,0.0121,0.1612
2016-11-16,-0.1894,0.0076,0.19699999999999998
2016-11-15,-0.2386,-0.0065,0.2321
2016-11-14,-0.2966,-0.0601,0.2366
2016-11-11,-0.3558,-0.1438,0.212
2016-11-10,-0.4088,-0.1886,0.2202
2016-11-09,-0.4638,-0.2246,0.2392
2016-11-08,-0.5236,-0.3447,0.1789
2016-11-07,-0.5684,-0.4166,0.1518
2016-11-04,-0.6063,-0.5054,0.1009
2016-11-03,-0.6315,-0.5717,0.0599
2016-11-02,-0.6465,-0.6031,0.0434
2016-11-01,-0.6573,-0.6376,0.0198
2016-10-31,-0.6623,-0.66,0.0023
2016-10-28,-0.6629,-0.7259,-0.0631
2016-10-27,-0.6471,-0.77,-0.1229
2016-10-26,-0.6164,-0.7885,-0.1721
2016-10-25,-0.5733,-0.7895,-0.2161
2016-10-24,-0.5193,-0.7762,-0.2569
2016-10-21,-0.4551,-0.8263,-0.3713
2016-10-20,-0.3623,-0.8844,-0.5222
2016-10-19,-0.2317,-0.8246,-0.5928
2016-10-18,-0.0835,-0.7535,-0.67
2016-10-17,0.084,-0.6274,-0.7113
2016-10-14,0.2618,-0.447,-0.7088
2016-10-13,0.439,-0.2257,-0.6647
2016-10-12,0.6052,-0.0325,-0.6377
2016-10-11,0.7646,0.188,-0.5766
2016-10-10,0.9087,0.4719,-0.4368
2016-10-07,1.0179,0.8722,-0.1458
2016-10-06,1.0544,1.1372,0.0828
2016-10-05,1.0337,1.4569,0.4232
2016-10-04,0.9279,1.3346,0.4067
2016-10-03,0.8262,1.2966,0.4704
2016-09-30,0.7086,1.1804,0.4718
2016-09-29,0.5907,1.1116,0.5209
2016-09-28,0.4605,1.0117,0.5512
2016-09-27,0.3227,0.8745,0.5519
2016-09-26,0.1847,0.6094,0.4247
2016-09-23,0.0785,0.2978,0.2192
2016-09-22,0.0237,-0.027999999999999997,-0.0517
2016-09-21,0.0366,-0.0371,-0.0737
2016-09-20,0.055,-0.0339,-0.0889
2016-09-19,0.0773,-0.0192,-0.0964
2016-09-16,0.1014,0.003,-0.0984
2016-09-15,0.126,-0.0452,-0.1712
2016-09-14,0.1688,-0.0235,-0.1923
2016-09-13,0.2169,0.0269,-0.19
2016-09-12,0.2644,0.1234,-0.1409
2016-09-09,0.2996,0.2051,-0.0945
2016-09-08,0.3232,0.3105,-0.0127
2016-09-07,0.3264,0.3804,0.054000000000000006
2016-09-06,0.3129,0.345,0.0321
2016-09-02,0.3048,0.2886,-0.0163
2016-09-01,0.3089,0.2511,-0.0578
2016-08-31,0.3234,0.2048,-0.1186
2016-08-30,0.353,0.1722,-0.1808
2016-08-29,0.3982,0.2125,-0.1857
2016-08-26,0.4446,0.2518,-0.1928
2016-08-25,0.4928,0.3156,-0.1773
2016-08-24,0.5371,0.3903,-0.1468
2016-08-23,0.5738,0.4872,-0.0866
2016-08-22,0.5955,0.5589999999999999,-0.0365
2016-08-19,0.6046,0.6567,0.052000000000000005
2016-08-18,0.5916,0.7281,0.1364
2016-08-17,0.5575,0.8065,0.249
2016-08-16,0.4953,0.7759,0.2806
2016-08-15,0.4251,0.7020000000000001,0.2769
2016-08-12,0.3559,0.5507,0.1948
2016-08-11,0.3072,0.4839,0.1767
2016-08-10,0.263,0.3672,0.1042
2016-08-09,0.237,0.2883,0.0514
2016-08-08,0.2241,0.2201,-0.0041
2016-08-05,0.2252,0.1786,-0.0466
2016-08-04,0.2368,0.11699999999999999,-0.1198
2016-08-03,0.2667,0.0498,-0.2169
2016-08-02,0.321,0.0164,-0.3046
2016-08-01,0.3971,0.0946,-0.3025
2016-07-29,0.4728,0.1707,-0.3021
2016-07-28,0.5483,0.2653,-0.28300000000000003
2016-07-27,0.619,0.4158,-0.2033
2016-07-26,0.6698,0.6568,-0.0131
2016-07-25,0.6731,0.682,0.0089
2016-07-22,0.6709,0.6839,0.013000000000000001
2016-07-21,0.6677,0.7048,0.0371
2016-07-20,0.6584,0.7193,0.0609
2016-07-19,0.6432,0.71,0.0668
2016-07-18,0.6264,0.7112,0.0847
2016-07-15,0.6053,0.6698,0.0645
2016-07-14,0.5891,0.6652,0.0761
2016-07-13,0.5701,0.662,0.0919
2016-07-12,0.5472,0.6706,0.1235
2016-07-11,0.5163,0.6352,0.1189
2016-07-08,0.4865,0.6205,0.134
2016-07-07,0.4531,0.5551,0.102
2016-07-06,0.4276,0.5357,0.1082
2016-07-05,0.4005,0.5206,0.12
2016-07-01,0.3705,0.4997,0.1292
2016-06-30,0.3382,0.4516,0.1134
2016-06-29,0.3098,0.4213,0.1115
2016-06-28,0.282,0.3847,0.1027
2016-06-27,0.2563,0.374,0.1178
2016-06-24,0.2268,0.4141,0.1873
2016-06-23,0.18,0.3981,0.2181
2016-06-22,0.1255,0.3108,0.1853
2016-06-21,0.0792,0.2875,0.2083
2016-06-20,0.0271,0.2342,0.2071
2016-06-17,-0.0247,0.1608,0.1855
2016-06-16,-0.071,0.0892,0.1602
2016-06-15,-0.1111,0.0199,0.131
2016-06-14,-0.1439,-0.078,0.0659
2016-06-13,-0.1603,-0.1407,0.0196
2016-06-10,-0.1652,-0.1363,0.028999999999999998
2016-06-09,-0.1725,-0.0746,0.0978
2016-06-08,-0.1969,-0.0539,0.14300000000000002
2016-06-07,-0.2327,-0.0623,0.1703
2016-06-06,-0.2752,-0.0773,0.198
2016-06-03,-0.3247,-0.1227,0.20199999999999999
2016-06-02,-0.3752,-0.1718,0.2035
2016-06-01,-0.4261,-0.2319,0.1942
2016-05-31,-0.4747,-0.2869,0.1877
2016-05-27,-0.5216,-0.3734,0.1482
2016-05-26,-0.5587,-0.4661,0.0926
2016-05-25,-0.5818,-0.4962,0.0856
2016-05-24,-0.6032,-0.5386,0.0646
2016-05-23,-0.6194,-0.5461,0.0732
2016-05-20,-0.6377,-0.5865,0.0511
2016-05-19,-0.6505,-0.6316,0.0189
2016-05-18,-0.6552,-0.6515,0.0037
2016-05-17,-0.6561,-0.6663,-0.0102
2016-05-16,-0.6536,-0.6959,-0.0423
2016-05-13,-0.643,-0.7184,-0.0755
2016-05-12,-0.6241,-0.7174,-0.0933
2016-05-11,-0.6008,-0.7037,-0.1029
2016-05-10,-0.5751,-0.7279,-0.1528
2016-05-09,-0.5369,-0.7522,-0.2153
2016-05-06,-0.483,-0.7285,-0.2455
2016-05-05,-0.4217,-0.708,-0.2864
2016-05-04,-0.3501,-0.6431,-0.293
2016-05-03,-0.2768,-0.6242,-0.3473
2016-05-02,-0.19,-0.5064,-0.3164
2016-04-29,-0.1109,-0.3885,-0.2776
2016-04-28,-0.0415,-0.2547,-0.2132
2016-04-27,0.0118,-0.0823,-0.0941
2016-04-26,0.0354,0.1165,0.0812
2016-04-25,0.0151,0.0744,0.0594
2016-04-22,0.0002,0.0868,0.0865
2016-04-21,-0.0214,0.087,0.1084
2016-04-20,-0.0485,0.0575,0.106
2016-04-19,-0.075,0.0303,0.1053
2016-04-18,-0.1013,0.0439,0.1453
2016-04-15,-0.1377,0.021,0.1587
2016-04-14,-0.1773,-0.036000000000000004,0.1413
2016-04-13,-0.2127,-0.1033,0.1094
2016-04-12,-0.24,-0.1712,0.0688
2016-04-11,-0.2572,-0.1741,0.0831
2016-04-08,-0.278,-0.1691,0.1089
2016-04-07,-0.3052,-0.1744,0.1308
2016-04-06,-0.3379,-0.2124,0.1255
2016-04-05,-0.3693,-0.2862,0.0831
2016-04-04,-0.3901,-0.3549,0.0352
2016-04-01,-0.3989,-0.4415,-0.0427
2016-03-31,-0.3882,-0.4326,-0.0444
2016-03-30,-0.3771,-0.473,-0.0959
2016-03-29,-0.3531,-0.4983,-0.1452
2016-03-28,-0.3168,-0.4836,-0.1668
2016-03-24,-0.2751,-0.4202,-0.1451
2016-03-23,-0.2389,-0.3647,-0.1259
2016-03-22,-0.2074,-0.2988,-0.0914
2016-03-21,-0.1846,-0.2968,-0.1122
2016-03-18,-0.1565,-0.293,-0.1365
2016-03-17,-0.1224,-0.2799,-0.1575
2016-03-16,-0.083,-0.259,-0.17600000000000002
2016-03-15,-0.039,-0.2133,-0.1743
2016-03-14,0.0045,-0.1,-0.1045
2016-03-11,0.0307,-0.0485,-0.0792
2016-03-10,0.0505,0.0494,-0.0011
2016-03-09,0.0507,0.19399999999999998,0.1432
2016-03-08,0.0149,0.2688,0.2539
2016-03-07,-0.0486,0.2922,0.3407
2016-03-04,-0.1337,0.2323,0.366
2016-03-03,-0.2252,0.1331,0.3583
2016-03-02,-0.3148,0.0096,0.3244
2016-03-01,-0.3959,-0.0697,0.3262
2016-02-29,-0.4775,-0.0997,0.3777
2016-02-26,-0.5719,-0.16399999999999998,0.4079
2016-02-25,-0.6739,-0.2254,0.4485
2016-02-24,-0.7859999999999999,-0.2648,0.5212
2016-02-23,-0.9163,-0.353,0.5632
2016-02-22,-1.0571,-0.491,0.5661
2016-02-19,-1.1986,-0.66,0.5386
2016-02-18,-1.3332,-0.8671,0.4661
2016-02-17,-1.4498,-1.1311,0.3187
2016-02-16,-1.5294,-1.3528,0.1767
2016-02-12,-1.5736,-1.504,0.0696
2016-02-11,-1.591,-1.6264,-0.0354
2016-02-10,-1.5822,-1.599,-0.0168
2016-02-09,-1.578,-1.609,-0.0311
2016-02-08,-1.5702,-1.5394,0.0308
2016-02-05,-1.5779,-1.479,0.0989
2016-02-04,-1.6026,-1.4639,0.1388
2016-02-03,-1.6373,-1.5444,0.0929
2016-02-02,-1.6606,-1.5892,0.0714
2016-02-01,-1.6784,-1.5743,0.1041
2016-01-29,-1.7044,-1.7188,-0.0144
2016-01-28,-1.7008,-1.7651,-0.0643
2016-01-27,-1.6847,-1.7671,-0.0823
2016-01-26,-1.6642,-1.7734,-0.1092
2016-01-25,-1.6369,-1.7790000000000001,-0.1421
2016-01-22,-1.6013,-1.7613,-0.16
2016-01-21,-1.5613,-1.7967,-0.2354
2016-01-20,-1.5025,-1.8147,-0.3122
2016-01-19,-1.4244,-1.7654,-0.3409
2016-01-15,-1.3392,-1.6065,-0.2673
2016-01-14,-1.2723,-1.5077,-0.2353
2016-01-13,-1.2135,-1.4675,-0.254
2016-01-12,-1.15,-1.3623,-0.2123
2016-01-11,-1.0969,-1.304,-0.207
2016-01-08,-1.0452,-1.2136,-0.1684
2016-01-07,-1.0031,-1.1141,-0.1111
2016-01-06,-0.9753,-0.9995,-0.0242
2016-01-05,-0.9692,-0.9538,0.0155
2016-01-04,-0.9731,-0.9354,0.0377
2015-12-31,-0.9825,-0.9636,0.019
2015-12-30,-0.9873,-1.0446,-0.0573
2015-12-29,-0.973,-1.0401,-0.0671
2015-12-28,-0.9562,-1.0437,-0.0875
2015-12-24,-0.9343,-1.0392,-0.1049
2015-12-23,-0.9081,-1.0631,-0.1551
2015-12-22,-0.8693,-1.0477,-0.1784
2015-12-21,-0.8247,-1.0015,-0.1768
2015-12-18,-0.7805,-0.8853,-0.1048
2015-12-17,-0.7543,-0.8106,-0.0563
2015-12-16,-0.7403,-0.7361,0.0042
2015-12-15,-0.7413,-0.731,0.0103
2015-12-14,-0.7439,-0.6783,0.0656
2015-12-11,-0.7603,-0.6999,0.0603
2015-12-10,-0.7754,-0.7092,0.0662
2015-12-09,-0.7919,-0.8196,-0.0277
2015-12-08,-0.785,-0.7858,-0.0008
2015-12-07,-0.7848,-0.8004,-0.0156
2015-12-04,-0.7808,-0.7534,0.0274
2015-12-03,-0.7877,-0.7395,0.0482
2015-12-02,-0.7997,-0.8006,-0.0009
2015-12-01,-0.7995,-0.8161,-0.0165
2015-11-30,-0.7954,-0.8372,-0.0418
2015-11-27,-0.785,-0.8387,-0.0537
2015-11-25,-0.7715,-0.8640000000000001,-0.0925
2015-11-24,-0.7484,-0.9153,-0.1669
2015-11-23,-0.7067,-0.9126,-0.2059
2015-11-20,-0.6552,-0.8632,-0.20800000000000002
2015-11-19,-0.6032,-0.8966,-0.2934
2015-11-18,-0.5299,-0.9312,-0.4013
2015-11-17,-0.4295,-0.9191,-0.4896
2015-11-16,-0.3071,-0.8220000000000001,-0.5149
2015-11-13,-0.1784,-0.7046,-0.5261
2015-11-12,-0.0469,-0.5209,-0.4741
2015-11-11,0.0716,-0.3757,-0.4474
2015-11-10,0.1835,-0.2226,-0.4061
2015-11-09,0.285,-0.0799,-0.3649
2015-11-06,0.3762,0.0994,-0.2769
2015-11-05,0.4454,0.2055,-0.2399
2015-11-04,0.5054,0.2993,-0.2061
2015-11-03,0.5569,0.3434,-0.2135
2015-11-02,0.6103,0.4181,-0.1922
2015-10-30,0.6584,0.5003,-0.1581
2015-10-29,0.6979,0.6732,-0.0247
2015-10-28,0.7041,0.8231,0.11900000000000001
2015-10-27,0.6743,0.8181,0.1438
2015-10-26,0.6384,0.7519,0.1136
2015-10-23,0.61,0.7024,0.0925
2015-10-22,0.5868,0.6911,0.1042
2015-10-21,0.5608,0.7816,0.2208
2015-10-20,0.5056,0.8705,0.3649
2015-10-19,0.4143,0.8074,0.3931
2015-10-16,0.3161,0.7151,0.39899999999999997
2015-10-15,0.2163,0.5625,0.3462
2015-10-14,0.1298,0.5061,0.3763
2015-10-13,0.0357,0.4604,0.4247
2015-10-12,-0.0705,0.4279,0.4984
2015-10-09,-0.1951,0.4118,0.6068
2015-10-08,-0.3468,0.1714,0.5182
2015-10-07,-0.4763,-0.0839,0.3924
2015-10-06,-0.5744,-0.3587,0.2157
2015-10-05,-0.6283,-0.4792,0.1492
2015-10-02,-0.6656,-0.68,-0.0143
2015-10-01,-0.6621,-0.7390000000000001,-0.0769
2015-09-30,-0.6428,-0.6376,0.0052
2015-09-29,-0.6441,-0.7291,-0.0849
2015-09-28,-0.6229,-0.6977,-0.0748
2015-09-25,-0.6042,-0.614,-0.0098
2015-09-24,-0.6017,-0.5012,0.1005
2015-09-23,-0.6268,-0.4834,0.1435
2015-09-22,-0.6627,-0.4729,0.1898
2015-09-21,-0.7102,-0.4568,0.2533
2015-09-18,-0.7735,-0.4856,0.2879
2015-09-17,-0.8455,-0.5742,0.2712
2015-09-16,-0.9133,-0.6231,0.2902
2015-09-15,-0.9858,-0.711,0.2748
2015-09-14,-1.0545,-0.7538,0.3007
2015-09-11,-1.1297,-0.77,0.3597
2015-09-10,-1.2196,-0.8293,0.3903
2015-09-09,-1.3172,-0.9255,0.3917
2015-09-08,-1.4152,-0.981,0.4342
2015-09-04,-1.5237,-1.0374,0.4863
2015-09-03,-1.6453,-1.1932,0.4521
2015-09-02,-1.7583,-1.3899,0.3684
2015-09-01,-1.8504,-1.5719,0.2785
2015-08-31,-1.92,-1.7009,0.2192
2015-08-28,-1.9748,-1.9181,0.0567
2015-08-27,-1.989,-2.0698,-0.0808
2015-08-26,-1.9688,-2.1956,-0.2268
2015-08-25,-1.9121,-2.1786,-0.2665
2015-08-24,-1.8454,-2.0591,-0.2137
2015-08-21,-1.7919999999999998,-1.9569999999999999,-0.165
2015-08-20,-1.7508,-1.8695,-0.1187
2015-08-19,-1.7211,-1.7439,-0.0228
2015-08-18,-1.7154,-1.7221,-0.0068
2015-08-17,-1.7137,-1.7396,-0.0259
2015-08-14,-1.7072,-1.8139,-0.1066
2015-08-13,-1.6806,-1.8823,-0.2018
2015-08-12,-1.6301,-1.8894,-0.2593
2015-08-11,-1.5653,-1.9575,-0.3922
2015-08-10,-1.4673,-2.0393,-0.5720000000000001
2015-08-07,-1.3243,-2.1019,-0.7776
2015-08-06,-1.1299,-1.9007,-0.7708
2015-08-05,-0.9372,-1.6672,-0.73
2015-08-04,-0.7546,-1.4406,-0.6859
2015-08-03,-0.5832,-1.218,-0.6348
2015-07-31,-0.4245,-0.909,-0.4845
2015-07-30,-0.3033,-0.6786,-0.3752
2015-07-29,-0.2095,-0.4214,-0.2119
2015-07-28,-0.1565,-0.0637,0.0928
2015-07-27,-0.1797,-0.1458,0.0339
2015-07-24,-0.1882,-0.0611,0.1271
2015-07-23,-0.22,-0.0255,0.1946
2015-07-22,-0.2687,-0.057999999999999996,0.2107
2015-07-21,-0.3213,-0.0884,0.2329
2015-07-20,-0.3795,-0.18100000000000002,0.1985
2015-07-17,-0.4292,-0.2131,0.2161
2015-07-16,-0.4832,-0.2367,0.2465
2015-07-15,-0.5448,-0.3071,0.2378
2015-07-14,-0.6043,-0.3477,0.2566
2015-07-13,-0.6684,-0.5024,0.1661
2015-07-10,-0.7099,-0.5968,0.1131
2015-07-09,-0.7382,-0.6201,0.1182
2015-07-08,-0.7678,-0.5847,0.183
2015-07-07,-0.8135,-0.5719,0.2416
2015-07-06,-0.8739,-0.6245,0.2494
2015-07-02,-0.9363,-0.6735,0.2628
2015-07-01,-1.002,-0.7557,0.2463
2015-06-30,-1.0636,-0.8170000000000001,0.2465
2015-06-29,-1.1252,-0.9669,0.1583
2015-06-26,-1.1647,-0.9396,0.2252
2015-06-25,-1.2209999999999999,-0.9979,0.2232
2015-06-24,-1.2768,-1.0486,0.2282
2015-06-23,-1.3339,-1.0981,0.2358
2015-06-22,-1.3928,-1.1657,0.2272
2015-06-19,-1.4496,-1.2533,0.1963
2015-06-18,-1.4987,-1.3785,0.1202
2015-06-17,-1.5288,-1.396,0.1328
2015-06-16,-1.5619999999999998,-1.4012,0.1608
2015-06-15,-1.6022,-1.4006,0.2016
2015-06-12,-1.6526,-1.3642,0.2884
2015-06-11,-1.7247,-1.4231,0.3015
2015-06-10,-1.8001,-1.4715,0.3285
2015-06-09,-1.8822,-1.5130000000000001,0.3692
2015-06-08,-1.9745,-1.5469,0.4276
2015-06-05,-2.0814,-1.6267,0.4547
2015-06-04,-2.1951,-1.7599,0.4352
2015-06-03,-2.3039,-1.8748,0.429
2015-06-02,-2.4111,-2.0237,0.3874
2015-06-01,-2.508,-2.1233,0.3847
2015-05-29,-2.6041,-2.2429,0.3612
2015-05-28,-2.6944,-2.367,0.3274
2015-05-27,-2.7763,-2.5073,0.26899999999999996
2015-05-26,-2.8436,-2.6069999999999998,0.2365
2015-05-22,-2.9027,-2.7067,0.196
2015-05-21,-2.9517,-2.8036,0.1481
2015-05-20,-2.9887,-2.8947,0.094
2015-05-19,-3.0122,-2.9791,0.0331
2015-05-18,-3.0205,-3.1168,-0.0963
2015-05-15,-2.9964,-3.2247,-0.2283
2015-05-14,-2.9394,-3.2973,-0.3579
2015-05-13,-2.8499,-3.3654,-0.5155
2015-05-12,-2.721,-3.4431,-0.7221
2015-05-11,-2.5405,-3.4677,-0.9272
2015-05-08,-2.3087,-3.4314,-1.1227
2015-05-07,-2.028,-3.3636,-1.3356
2015-05-06,-1.6941,-3.2404,-1.5463
2015-05-05,-1.3075,-2.9902,-1.6827
2015-05-04,-0.8869,-2.6437,-1.7568
2015-05-01,-0.4477,-2.2097,-1.7619999999999998
2015-04-30,-0.0072,-1.6196,-1.6125
2015-04-29,0.3959,-0.9570000000000001,-1.3529
2015-04-28,0.7342,-0.0494,-0.7835
2015-04-27,0.93,0.7249,-0.2051
2015-04-24,0.9813,0.7465,-0.2348
2015-04-23,1.04,0.8488,-0.1912
2015-04-22,1.0878,0.9069,-0.1809
2015-04-21,1.1331,0.9353,-0.1977
2015-04-20,1.1825,0.9997,-0.1828
2015-04-17,1.2282,1.0592,-0.16899999999999998
2015-04-16,1.2704,1.1951,-0.0753
2015-04-15,1.2892,1.2117,-0.0776
2015-04-14,1.3086,1.2895,-0.0191
2015-04-13,1.3134,1.3803,0.0669
2015-04-10,1.2967,1.4333,0.1366
2015-04-09,1.2626,1.4476,0.185
2015-04-08,1.2163,1.4213,0.205
2015-04-07,1.1651,1.3539,0.1888
2015-04-06,1.1178,1.1901,0.0722
2015-04-02,1.0998,1.1703,0.0705
2015-04-01,1.0822,1.1709,0.0888
2015-03-31,1.06,1.1496,0.0896
2015-03-30,1.0376,1.1453,0.1077
2015-03-27,1.0106,1.1425,0.1319
2015-03-26,0.9777,1.1101,0.1324
2015-03-25,0.9446,1.0618,0.1172
2015-03-24,0.9153,1.0274,0.1122
2015-03-23,0.8872,0.768,-0.1192
2015-03-20,0.917,0.7323,-0.1848
2015-03-19,0.9632,0.6779999999999999,-0.2852
2015-03-18,1.0345,0.6508,-0.3837
2015-03-17,1.1304,0.6809999999999999,-0.4495
2015-03-16,1.2428,0.737,-0.5058
2015-03-13,1.3693,0.8488,-0.5205
2015-03-12,1.4994,0.9556,-0.5438
2015-03-11,1.6353,1.0364,-0.5989
2015-03-10,1.7851,1.2058,-0.5792
2015-03-09,1.9299,1.4484,-0.4815
2015-03-06,2.0503,1.5587,-0.4916
2015-03-05,2.1731,1.7623,-0.4108
2015-03-04,2.2759,1.9355,-0.3404
2015-03-03,2.3609,2.106,-0.2549
2015-03-02,2.4247,2.2788,-0.1459
2015-02-27,2.4612,2.4213,-0.0399
2015-02-26,2.4711,2.5751,0.10400000000000001
2015-02-25,2.4451,2.5986,0.1535
2015-02-24,2.4067,2.6783,0.2716
2015-02-23,2.3388,2.7269,0.3881
2015-02-20,2.2418,2.7716,0.5298
2015-02-19,2.1094,2.7232,0.6138
2015-02-18,1.9559,2.6636,0.7076
2015-02-17,1.7790000000000001,2.6383,0.8593
2015-02-13,1.5642,2.5463,0.9821
2015-02-12,1.3187,2.3439,1.0252
2015-02-11,1.0624,2.1076,1.0452
2015-02-10,0.8011,1.821,1.02
2015-02-09,0.5461,1.5551,1.0090000000000001
2015-02-06,0.2938,1.0851,0.7913
2015-02-05,0.096,0.3992,0.3032
2015-02-04,0.0202,0.2053,0.185
2015-02-03,-0.026000000000000002,0.0097,0.0357
2015-02-02,-0.035,-0.1455,-0.1105
2015-01-30,-0.0073,-0.1041,-0.0967
2015-01-29,0.0169,-0.0569,-0.0737
2015-01-28,0.0353,0.0907,0.0555
2015-01-27,0.0214,0.23,0.2086
2015-01-26,-0.0307,0.2241,0.2548
2015-01-23,-0.0944,0.0933,0.1877
2015-01-22,-0.1414,-0.0059,0.1355
2015-01-21,-0.1752,-0.0967,0.0785
2015-01-20,-0.1948,-0.085,0.1099
2015-01-16,-0.2223,-0.0423,0.18
2015-01-15,-0.2673,0.0392,0.3065
2015-01-14,-0.3439,0.1815,0.5254
2015-01-13,-0.4753,0.063,0.5383
2015-01-12,-0.6099,-0.0687,0.5412
2015-01-09,-0.7452,-0.2073,0.5379
2015-01-08,-0.8797,-0.4626,0.4171
2015-01-07,-0.9839,-0.6718,0.3121
2015-01-06,-1.0619,-0.7448,0.3172
2015-01-05,-1.1412,-0.9778,0.1634
2015-01-02,-1.1821,-1.0186,0.1635
2014-12-31,-1.2229999999999999,-1.0743,0.1487
2014-12-30,-1.2601,-1.0594,0.2007
2014-12-29,-1.3103,-1.024,0.2863
2014-12-26,-1.3819,-1.0209,0.361
2014-12-24,-1.4722,-1.1223,0.3499
2014-12-23,-1.5596,-1.2364,0.3232
2014-12-22,-1.6404,-1.36,0.2805
2014-12-19,-1.7105,-1.5855,0.1251
2014-12-18,-1.7418,-1.7128,0.0291
2014-12-17,-1.7491,-1.8147,-0.0656
2014-12-16,-1.7327,-1.8003,-0.0676
2014-12-15,-1.7158,-1.7109,0.0048
2014-12-12,-1.7169999999999999,-1.7471,-0.0301
2014-12-11,-1.7095,-1.7933,-0.0839
2014-12-10,-1.6885,-1.7855,-0.09699999999999999
2014-12-09,-1.6642,-1.7139,-0.0497
2014-12-08,-1.6518,-1.6689,-0.0171
2014-12-05,-1.6475,-1.5098,0.1378
2014-12-04,-1.682,-1.5087,0.1733
2014-12-03,-1.7253,-1.5159,0.2094
2014-12-02,-1.7776,-1.5306,0.247
2014-12-01,-1.8394,-1.5118,0.3276
2014-11-28,-1.9213,-1.4791,0.4422
2014-11-26,-2.0318,-1.6907,0.3412
2014-11-25,-2.1171,-1.8741,0.2431
2014-11-24,-2.1779,-1.9414,0.2365
2014-11-21,-2.237,-2.0428,0.1942
2014-11-20,-2.2856,-2.1263,0.1593
2014-11-19,-2.3254,-2.1795,0.1459
2014-11-18,-2.3619,-2.2056,0.1563
2014-11-17,-2.401,-2.2984,0.1025
2014-11-14,-2.4266,-2.3692,0.0574
2014-11-13,-2.4409,-2.5656,-0.1246
2014-11-12,-2.4098,-2.5946,-0.1848
2014-11-11,-2.3636,-2.8485,-0.4849
2014-11-10,-2.2423,-2.8308,-0.5884
2014-11-07,-2.0952,-2.7669,-0.6717
2014-11-06,-1.9273,-2.7185,-0.7912
2014-11-05,-1.7295,-2.6712,-0.9417
2014-11-04,-1.4941,-2.524,-1.0299
2014-11-03,-1.2366,-2.3535,-1.1169
2014-10-31,-0.9574,-2.0313,-1.0739
2014-10-30,-0.6889,-1.7188,-1.0298
2014-10-29,-0.4315,-1.3285,-0.8971
2014-10-28,-0.2072,-0.8396,-0.6324
2014-10-27,-0.0491,-0.3764,-0.3273
2014-10-24,0.0327,-0.2665,-0.2992
2014-10-23,0.1075,-0.2638,-0.3713
2014-10-22,0.2004,-0.228,-0.4284
2014-10-21,0.3075,-0.11900000000000001,-0.4265
2014-10-20,0.4141,-0.1359,-0.55
2014-10-17,0.5516,-0.1626,-0.7142
2014-10-16,0.7301,0.0022,-0.728
2014-10-15,0.9121,0.2674,-0.6447
2014-10-14,1.0733,0.4229,-0.6505
2014-10-13,1.2359,0.7587,-0.4772
2014-10-10,1.3553,1.1855,-0.1698
2014-10-09,1.3977,1.5185,0.1208
2014-10-08,1.3675,1.4235,0.0561
2014-10-07,1.3535,1.2684,-0.0851
2014-10-06,1.3747,1.2444,-0.1303
2014-10-03,1.4073,1.1998,-0.2076
2014-10-02,1.4592,1.0795,-0.3797
2014-10-01,1.5541,1.1231,-0.4311
2014-09-30,1.6619,1.3446,-0.3173
2014-09-29,1.7412,1.4531,-0.2881
2014-09-26,1.8133,1.5541,-0.2592
2014-09-25,1.8780000000000001,1.6451,-0.2329
2014-09-24,1.9363,1.7822,-0.1541
2014-09-23,1.9748,1.7775,-0.1973
2014-09-22,2.0241,1.8261,-0.198
2014-09-19,2.0736,1.8849,-0.1887
2014-09-18,2.1208,1.8247,-0.2961
2014-09-17,2.1948,1.9371,-0.2577
2014-09-16,2.2592,2.0708,-0.1885
2014-09-15,2.3064,2.198,-0.1083
2014-09-12,2.3334,2.4761,0.1426
2014-09-11,2.2978,2.517,0.2192
2014-09-10,2.2430000000000003,2.4787,0.2357
2014-09-09,2.1841,2.3662,0.1821
2014-09-08,2.1385,2.4224,0.2839
2014-09-05,2.0676,2.3174,0.2499
2014-09-04,2.0051,2.282,0.2769
2014-09-03,1.9359,2.2505,0.3147
2014-09-02,1.8572,2.2702,0.413
2014-08-29,1.7539,2.0903,0.3363
2014-08-28,1.6699,1.9595,0.2896
2014-08-27,1.5974,1.7966,0.1992
2014-08-26,1.5476,1.7021,0.1545
2014-08-25,1.5090000000000001,1.5456,0.0366
2014-08-22,1.4999,1.534,0.0342
2014-08-21,1.4913,1.5092,0.0179
2014-08-20,1.4869,1.5442,0.0573
2014-08-19,1.4725,1.5714,0.0988
2014-08-18,1.4478,1.5802,0.1324
2014-08-15,1.4147,1.5655,0.1507
2014-08-14,1.3771,1.5605,0.1834
2014-08-13,1.3312,1.4734,0.1422
2014-08-12,1.2956,1.4609999999999999,0.1654
2014-08-11,1.2543,1.4586,0.2043
2014-08-08,1.2032,1.4892,0.2859
2014-08-07,1.1317,1.5208,0.3891
2014-08-06,1.0345,1.5524,0.5179
2014-08-05,0.905,1.5232,0.6182
2014-08-04,0.7504,1.4262,0.6757
2014-08-01,0.5815,1.3182,0.7367
2014-07-31,0.3973,1.094,0.6967
2014-07-30,0.2231,0.6841,0.4609
2014-07-29,0.1079,0.0378,-0.0701
2014-07-28,0.1254,-0.0025,-0.1279
2014-07-25,0.1574,0.0132,-0.1442
2014-07-24,0.1935,0.0096,-0.1838
2014-07-23,0.2394,-0.051,-0.2904
2014-07-22,0.312,-0.03,-0.342
2014-07-21,0.3975,0.0075,-0.39
2014-07-18,0.495,0.0145,-0.4805
2014-07-17,0.6152,0.1251,-0.4901
2014-07-16,0.7377,0.2827,-0.455
2014-07-15,0.8514,0.4227,-0.4287
2014-07-14,0.9586,0.5495,-0.4091
2014-07-11,1.0609,0.6595,-0.4014
2014-07-10,1.1612,0.7884,-0.3729
2014-07-09,1.2545,0.9912,-0.2632
2014-07-08,1.3203,1.2133,-0.107
2014-07-07,1.347,1.5453,0.1983
2014-07-03,1.2974,1.6595,0.36200000000000004
2014-07-02,1.2069,1.6691,0.4621
2014-07-01,1.0914,1.6122,0.5208
2014-06-30,0.9612,1.4877,0.5265
2014-06-27,0.8296,1.4169999999999998,0.5874
2014-06-26,0.6827,1.3103,0.6276
2014-06-25,0.5258,1.1032,0.5774
2014-06-24,0.3815,1.0243,0.6428
2014-06-23,0.2208,1.0086,0.7878
2014-06-20,0.0238,0.8679,0.8440000000000001
2014-06-19,-0.1872,0.7042,0.8914
2014-06-18,-0.41,0.5197,0.9297
2014-06-17,-0.6424,0.2928,0.9353
2014-06-16,-0.8763,0.0724,0.9487
2014-06-13,-1.1134,-0.21,0.9034
2014-06-12,-1.3393,-0.4534,0.8859
2014-06-11,-1.5608,-0.7462,0.8146
2014-06-10,-1.7644,-0.9818,0.7826
2014-06-09,-1.96,-1.251,0.7090000000000001
2014-06-06,-2.1373,-1.4847,0.6526
2014-06-05,-2.3005,-1.6454,0.6551
2014-06-04,-2.4642,-1.8835,0.5807
2014-06-03,-2.6094,-2.0592,0.5502
2014-06-02,-2.7469,-2.221,0.5259
2014-05-30,-2.8784,-2.3107,0.5678
2014-05-29,-3.0204,-2.4618,0.5586
2014-05-28,-3.16,-2.7776,0.3824
2014-05-27,-3.2556,-3.117,0.1386
2014-05-23,-3.2903,-3.1728,0.1174
2014-05-22,-3.3196,-3.197,0.1227
2014-05-21,-3.3503,-3.2851,0.0652
2014-05-20,-3.3666,-3.3733,-0.0067
2014-05-19,-3.3649,-3.4388,-0.0739
2014-05-16,-3.3465,-3.5029,-0.1565
2014-05-15,-3.3073,-3.5532,-0.2458
2014-05-14,-3.2459,-3.6175,-0.3717
2014-05-13,-3.153,-3.6552,-0.5023
2014-05-12,-3.0274,-3.7051,-0.6777
2014-05-09,-2.858,-3.7709,-0.9129999999999999
2014-05-08,-2.6297,-3.6077,-0.9779
2014-05-07,-2.3852,-3.3376,-0.9524
2014-05-06,-2.1471,-2.812,-0.6649
2014-05-05,-1.9809,-2.2214,-0.2405
2014-05-02,-1.9208,-2.1379,-0.2171
2014-05-01,-1.8665,-2.0276,-0.1611
2014-04-30,-1.8263,-1.8645,-0.0383
2014-04-29,-1.8167,-1.617,0.1997
2014-04-28,-1.8666,-1.6492,0.2174
2014-04-25,-1.921,-1.4739,0.4471
2014-04-24,-2.0327,-1.3182,0.7145
2014-04-23,-2.2114,-1.4273,0.7841
2014-04-22,-2.4074,-1.6607,0.7467
2014-04-21,-2.5941,-1.9417,0.6524
2014-04-17,-2.7572,-2.2832,0.474
2014-04-16,-2.8757,-2.5719,0.3038
2014-04-15,-2.9516,-2.8429,0.1088
2014-04-14,-2.9788,-3.2594,-0.2806
2014-04-11,-2.9087,-3.2702,-0.3615
2014-04-10,-2.8183,-3.1529,-0.3345
2014-04-09,-2.7347,-3.0886,-0.3539
2014-04-08,-2.6462,-3.0788,-0.4326
2014-04-07,-2.5380000000000003,-2.9492,-0.4111
2014-04-04,-2.4353,-2.8089999999999997,-0.3738
2014-04-03,-2.3418,-2.6596,-0.3178
2014-04-02,-2.2624,-2.5228,-0.2604
2014-04-01,-2.1973,-2.4826,-0.2853
2014-03-31,-2.1259,-2.5224,-0.3965
2014-03-28,-2.0268,-2.505,-0.4782
2014-03-27,-1.9072,-2.5104,-0.6032
2014-03-26,-1.7564,-2.3811,-0.6247
2014-03-25,-1.6003,-1.989,-0.3887
2014-03-24,-1.5031,-1.8108,-0.3077
2014-03-21,-1.4262,-1.6477,-0.2216
2014-03-20,-1.3708,-1.6345,-0.2637
2014-03-19,-1.3048,-1.5123,-0.2075
2014-03-18,-1.253,-1.4485,-0.1955
2014-03-17,-1.2041,-1.3347,-0.1306
2014-03-14,-1.1714,-1.2637,-0.0923
2014-03-13,-1.1484,-1.1415,0.0068
2014-03-12,-1.1501,-1.137,0.0131
2014-03-11,-1.1534,-1.2093,-0.0559
2014-03-10,-1.1394,-1.2351,-0.0958
2014-03-07,-1.1154,-1.2359,-0.1205
2014-03-06,-1.0853,-1.1833,-0.098
2014-03-05,-1.0608,-1.2313,-0.1705
2014-03-04,-1.0182,-1.2288,-0.2106
2014-03-03,-0.9656,-1.1976,-0.23199999999999998
2014-02-28,-0.9075,-1.0823,-0.1747
2014-02-27,-0.8639,-1.0415,-0.1776
2014-02-26,-0.8195,-1.0619,-0.2425
2014-02-25,-0.7588,-1.0827,-0.3239
2014-02-24,-0.6779,-1.0009,-0.32299999999999995
2014-02-21,-0.5971,-0.9653,-0.3682
2014-02-20,-0.5051,-0.9202,-0.4151
2014-02-19,-0.4013,-0.9214,-0.5201
2014-02-18,-0.2713,-0.7946,-0.5233
2014-02-14,-0.1404,-0.894,-0.7535
2014-02-13,0.0479,-0.9325,-0.9805
2014-02-12,0.2931,-0.8694,-1.1624
2014-02-11,0.5837,-0.8148,-1.3985
2014-02-10,0.9333,-0.4432,-1.3764
2014-02-07,1.2774,0.1476,-1.1298
2014-02-06,1.5598,0.7539,-0.8059
2014-02-05,1.7613,1.9567,0.1953
2014-02-04,1.7125,1.8404,0.1279
2014-02-03,1.6805,1.6295,-0.051
2014-01-31,1.6933,1.4457,-0.2476
2014-01-30,1.7552,1.2663,-0.4889
2014-01-29,1.8774,1.1238,-0.7536
2014-01-28,2.0658,1.335,-0.7308
2014-01-27,2.2485,1.4842,-0.7643
2014-01-24,2.4396,1.9107,-0.5288
2014-01-23,2.5718,2.0374,-0.5344
2014-01-22,2.7054,2.0615,-0.6439
2014-01-21,2.8663,2.0989,-0.7675
2014-01-17,3.0582,2.1069,-0.9513
2014-01-16,3.2960000000000003,2.1201,-1.1759
2014-01-15,3.59,2.2721,-1.3179
2014-01-14,3.9195,2.3312,-1.5882
2014-01-13,4.3165,2.7149,-1.6016
2014-01-10,4.7169,3.2049,-1.5121
2014-01-09,5.0949,3.8671,-1.2279
2014-01-08,5.4019,4.6509,-0.7509999999999999
2014-01-07,5.5897,5.3557,-0.2339
2014-01-06,5.6481,5.9565,0.3083
2014-01-03,5.571000000000001,6.1448,0.5737
2014-01-02,5.4276,6.0198,0.5922
2013-12-31,5.2796,5.9255,0.6459999999999999
2013-12-30,5.1181,6.111000000000001,0.9929
2013-12-27,4.8699,6.5785,1.7086
2013-12-26,4.4427,6.7496,2.3069
